Date,AAPL,AMZN,BA,GOOG,IBM,MGM,SP500,T,TSLA
2019-01-02,39.48,76.96,323.81,52.29,110.04,25.19,2510.03,22.31,20.67
2019-01-03,35.55,75.01,310.9,50.8,107.85,24.7,2447.89,22.34,20.02
2019-01-04,37.07,78.77,327.08,53.54,112.06,25.77,2531.94,22.91,21.18
2019-01-07,36.98,81.48,328.11,53.42,112.85,26.51,2549.69,23.33,22.33
2019-01-08,37.69,82.83,340.53,53.81,114.46,27.21,2574.41,23.62,22.36
2019-01-09,38.33,82.97,343.83,53.73,115.28,27.61,2584.96,22.73,22.57
2019-01-10,38.45,82.81,352.61,53.52,116.33,28.0,2596.64,22.96,23.0
2019-01-11,38.07,82.03,352.9,52.86,116.01,28.0,2596.26,23.31,23.15
2019-01-14,37.5,80.86,350.36,52.23,114.99,27.4,2582.61,23.12,22.29
2019-01-15,38.27,83.73,352.24,53.86,116.27,27.34,2610.3,23.11,22.96
2019-01-16,38.74,84.19,352.06,54.05,116.17,27.48,2616.1,23.08,23.07
2019-01-17,38.97,84.66,359.09,54.5,116.71,27.74,2635.96,23.14,23.15
2019-01-18,39.21,84.81,364.73,54.91,118.27,28.56,2670.71,23.38,20.15
2019-01-22,38.33,81.61,357.9,53.53,117.03,27.87,2632.9,23.09,19.93
2019-01-23,38.48,82.0,358.61,53.78,126.93,27.81,2638.7,23.33,19.17
2019-01-24,38.18,82.75,358.27,53.7,126.59,27.89,2642.33,23.11,19.43
2019-01-25,39.44,83.53,364.2,54.55,127.96,28.7,2664.76,23.15,19.8
2019-01-28,39.08,81.89,362.97,53.5,128.25,28.46,2643.85,23.16,19.76
2019-01-29,38.67,79.69,364.91,53.03,128.31,28.36,2640.0,23.18,19.83
2019-01-30,41.31,83.52,387.72,54.45,128.35,28.99,2681.05,22.18,20.58
2019-01-31,41.61,85.94,385.62,55.82,128.39,29.44,2704.1,22.7,20.47
2019-02-01,41.63,81.31,387.43,55.54,128.09,29.75,2706.53,22.66,20.81
2019-02-04,42.81,81.67,397.0,56.64,129.13,29.55,2724.87,22.36,20.86
2019-02-05,43.55,82.94,410.18,57.3,129.47,29.51,2737.7,22.38,21.42
2019-02-06,43.56,82.01,411.11,55.76,130.21,29.61,2731.61,22.32,21.15
2019-02-07,42.74,80.72,405.17,54.94,127.22,28.9,2706.05,22.24,20.5
2019-02-08,42.6,79.41,404.91,54.75,127.71,28.97,2707.88,22.32,20.39
2019-02-11,42.36,79.55,403.95,54.75,127.98,28.99,2709.8,22.44,20.86
2019-02-12,42.72,81.9,410.72,56.07,129.95,28.87,2744.73,22.51,20.79
2019-02-13,42.55,82.0,410.58,56.01,131.35,29.23,2753.03,22.53,20.54
2019-02-14,42.7,81.13,409.82,56.08,130.36,27.37,2745.73,22.5,20.25
2019-02-15,42.61,80.4,417.97,55.68,131.84,28.21,2775.6,23.01,20.53
2019-02-19,42.73,81.38,416.26,55.93,132.48,28.47,2779.76,23.13,20.38
2019-02-20,43.01,81.11,421.55,55.69,131.81,28.81,2784.7,23.3,20.17
2019-02-21,42.77,80.97,417.58,54.85,131.66,28.35,2774.88,23.28,19.42
2019-02-22,43.24,81.58,424.05,55.52,133.01,27.71,2792.67,23.52,19.65
2019-02-25,43.56,81.65,426.87,55.47,133.21,27.7,2796.11,23.51,19.92
2019-02-26,43.58,81.82,426.77,55.76,133.46,27.68,2793.9,23.58,19.86
2019-02-27,43.72,82.05,435.44,55.8,132.93,27.16,2792.38,23.46,20.98
2019-02-28,43.29,81.99,439.96,56.0,131.94,26.75,2784.49,23.5,21.33
2019-03-01,43.74,83.59,440.62,57.05,132.96,26.98,2803.69,23.27,19.65
2019-03-04,43.96,84.81,432.69,57.39,132.22,26.84,2792.81,22.64,19.02
2019-03-05,43.88,84.62,430.12,58.1,131.7,26.89,2789.65,22.62,18.44
2019-03-06,43.63,83.45,424.46,57.89,130.84,26.97,2771.45,22.51,18.42
2019-03-07,43.13,81.3,422.56,57.17,129.29,26.45,2748.93,22.59,18.44
2019-03-08,43.23,81.04,422.54,57.12,129.03,26.5,2743.07,22.63,18.94
2019-03-11,44.73,83.53,400.01,58.79,131.54,26.57,2783.3,22.82,19.39
2019-03-12,45.23,83.66,375.41,59.66,132.08,26.61,2791.52,23.13,18.89
2019-03-13,45.43,84.54,377.14,59.67,132.35,26.57,2810.92,22.87,19.26
2019-03-14,45.93,84.31,373.3,59.28,132.57,26.45,2808.48,22.87,19.33
2019-03-15,46.53,85.62,378.99,59.22,133.18,26.02,2822.48,23.16,18.36
2019-03-18,47.01,87.11,372.28,59.21,133.92,26.25,2832.94,23.26,17.97
2019-03-19,46.63,88.09,373.43,59.94,134.19,26.57,2832.57,23.17,17.83
2019-03-20,47.04,89.86,376.16,61.2,133.34,26.25,2824.23,23.04,18.24
2019-03-21,48.77,90.96,372.7,61.58,135.1,26.9,2854.88,23.46,18.27
2019-03-22,47.76,88.24,362.17,60.28,133.2,26.09,2800.71,23.46,17.64
2019-03-25,47.19,88.71,370.46,59.65,132.94,25.75,2798.36,23.24,17.36
2019-03-26,46.7,89.19,370.38,59.23,133.93,25.78,2818.46,23.71,17.85
2019-03-27,47.12,88.29,374.21,58.65,133.0,25.0,2805.37,23.71,18.32
2019-03-28,47.18,88.67,374.44,58.42,133.65,25.46,2815.44,23.42,18.57
2019-03-29,47.49,89.04,381.42,58.67,134.77,25.66,2834.4,23.68,18.66
2019-04-01,47.81,90.71,391.54,59.72,136.88,26.59,2867.19,24.13,19.28
2019-04-02,48.51,90.7,390.75,60.02,136.59,26.77,2867.24,23.89,19.06
2019-04-03,48.84,91.04,384.74,60.3,137.19,27.0,2873.4,24.07,19.45
2019-04-04,48.92,90.94,395.86,60.75,136.38,27.15,2879.39,24.15,17.85
2019-04-05,49.25,91.86,391.93,60.36,136.86,27.44,2892.74,24.43,18.33
2019-04-08,50.03,92.49,374.52,60.19,136.96,27.56,2895.77,24.46,18.21
2019-04-09,49.88,91.79,369.04,59.86,135.74,26.48,2878.2,23.98,18.15
2019-04-10,50.16,92.37,364.94,60.11,136.61,26.64,2888.21,24.08,18.4
2019-04-11,49.74,92.2,370.16,60.23,137.33,26.94,2888.32,24.32,17.89
2019-04-12,49.72,92.15,379.64,60.89,137.88,27.35,2907.41,24.32,17.85
2019-04-15,49.81,92.24,375.46,61.06,137.45,27.28,2905.58,24.18,17.76
2019-04-16,49.81,93.15,381.72,61.36,138.63,27.44,2907.06,24.35,18.22
2019-04-17,50.78,93.24,377.52,61.82,132.87,27.56,2900.45,24.13,18.08
2019-04-18,50.97,93.08,380.07,61.82,134.04,27.52,2905.03,24.19,18.22
2019-04-22,51.13,94.37,375.17,62.44,132.66,27.2,2907.97,24.23,17.52
2019-04-23,51.87,96.19,374.02,63.23,134.14,27.51,2933.68,24.24,17.59
2019-04-24,51.79,95.09,375.46,62.8,133.68,27.79,2927.25,23.25,17.24
2019-04-25,51.32,95.11,382.8,63.17,132.41,27.75,2926.17,22.91,16.51
2019-04-26,51.08,97.53,380.79,63.61,133.19,28.31,2939.88,23.17,15.68
2019-04-29,51.15,96.92,379.05,64.38,132.82,28.6,2943.03,23.32,16.1
2019-04-30,50.17,96.33,377.69,59.42,133.98,26.63,2945.83,23.38,15.91
2019-05-01,52.63,95.58,376.8,58.4,134.26,25.84,2923.73,23.25,15.6
2019-05-02,52.29,95.04,375.8,58.13,133.33,25.67,2917.52,23.12,16.27
2019-05-03,52.94,98.12,376.46,59.27,133.96,25.99,2945.64,23.18,17.0
2019-05-06,52.12,97.53,371.6,59.47,134.09,25.5,2932.47,23.1,17.02
2019-05-07,50.72,96.05,357.23,58.71,131.47,24.87,2884.05,23.06,16.47
2019-05-08,50.73,95.89,359.75,58.31,131.81,25.67,2879.42,22.88,16.32
2019-05-09,50.18,94.99,354.13,58.12,129.27,25.55,2870.72,22.94,16.13
2019-05-10,49.3,94.5,354.67,58.21,129.25,25.63,2881.4,23.12,15.97
2019-05-13,46.43,91.13,337.37,56.6,125.53,25.36,2811.87,23.01,15.13
2019-05-14,47.17,92.01,343.04,56.02,127.33,25.93,2834.41,23.48,15.49
2019-05-15,47.73,93.56,345.64,58.21,128.37,26.1,2850.96,23.6,15.46
2019-05-16,47.52,95.38,353.81,58.95,129.79,26.53,2876.32,23.88,15.22
2019-05-17,47.25,93.45,355.02,58.12,128.3,25.89,2859.53,24.01,14.07
2019-05-20,45.77,92.95,352.79,56.94,129.06,25.35,2840.23,24.31,13.69
2019-05-21,46.65,92.88,358.75,57.48,130.33,25.78,2864.36,24.48,13.67
2019-05-22,45.7,92.98,352.78,57.57,130.24,25.82,2856.27,24.38,12.85
2019-05-23,44.92,90.77,350.55,57.04,126.45,25.37,2822.24,24.27,13.03
2019-05-24,44.74,91.16,354.9,56.67,126.35,25.54,2826.06,24.37,12.71
2019-05-28,44.56,91.82,354.88,56.71,124.61,25.32,2802.39,24.11,12.58
2019-05-29,44.35,90.96,348.8,55.82,123.88,25.36,2783.02,24.1,12.66
2019-05-30,44.58,90.82,349.87,55.9,123.76,25.34,2788.86,24.06,12.55
2019-05-31,43.77,88.75,341.61,55.18,121.3,24.82,2752.06,23.09,12.34
2019-06-03,43.33,84.63,338.89,51.81,122.52,23.87,2744.45,23.48,11.93
2019-06-04,44.91,86.48,344.62,52.65,126.74,25.64,2803.27,23.77,12.91
2019-06-05,45.64,86.93,348.75,52.11,125.59,25.96,2826.15,23.92,13.11
2019-06-06,46.31,87.72,350.64,52.22,126.29,26.49,2843.49,24.24,13.73
2019-06-07,47.54,90.2,353.7,53.3,127.33,26.28,2873.34,24.54,13.63
2019-06-10,48.15,93.03,353.8,54.02,128.7,27.42,2886.73,24.11,14.19
2019-06-11,48.7,93.19,349.33,53.94,129.85,27.97,2885.72,24.25,14.47
2019-06-12,48.55,92.77,347.03,53.85,128.82,27.7,2879.84,24.3,13.95
2019-06-13,48.54,93.52,348.86,54.44,129.67,27.72,2891.64,24.38,14.26
2019-06-14,48.19,93.48,347.16,54.27,129.09,27.66,2886.98,24.43,14.33
2019-06-17,48.47,94.3,354.9,54.63,128.9,27.55,2889.67,24.39,15.0
2019-06-18,49.61,95.07,373.96,55.18,130.27,28.22,2917.75,24.5,14.98
2019-06-19,49.47,95.44,368.56,55.12,130.93,27.74,2926.46,24.48,15.1
2019-06-20,49.87,95.91,374.88,55.57,132.62,28.01,2954.18,24.57,14.64
2019-06-21,49.7,95.57,371.84,56.09,132.96,27.7,2950.46,24.51,14.79
2019-06-24,49.65,95.7,373.99,55.78,133.1,27.92,2945.35,24.6,14.91
2019-06-25,48.89,93.91,369.32,54.32,132.16,27.62,2917.38,24.58,14.65
2019-06-26,49.95,94.89,374.94,53.99,132.31,27.87,2913.78,24.57,14.62
2019-06-27,49.94,95.21,364.02,53.8,132.31,28.44,2924.92,24.91,14.86
2019-06-28,49.48,94.68,364.01,54.05,131.72,28.57,2941.76,25.31,14.9
2019-07-01,50.39,96.11,356.46,54.9,133.61,28.69,2964.33,25.25,15.14
2019-07-02,50.68,96.72,354.16,55.56,133.93,28.88,2973.01,25.56,14.97
2019-07-03,51.1,96.95,354.47,56.08,135.19,28.89,2995.82,25.66,15.66
2019-07-05,51.06,97.15,355.86,56.58,135.04,29.23,2990.41,25.9,15.54
2019-07-08,50.01,97.62,351.12,55.82,134.27,28.9,2975.95,25.86,15.36
2019-07-09,50.31,99.42,353.09,56.24,133.08,29.23,2979.63,25.33,15.34
2019-07-10,50.81,100.87,352.3,57.02,134.17,29.13,2993.07,25.49,15.93
2019-07-11,50.44,100.05,359.0,57.21,134.91,28.79,2999.91,25.27,15.91
2019-07-12,50.83,100.55,365.33,57.25,136.34,29.02,3013.77,25.41,16.34
2019-07-15,51.3,101.05,361.61,57.52,136.89,29.38,3014.3,25.46,16.9
2019-07-16,51.13,100.5,362.75,57.68,137.09,29.41,3004.04,25.36,16.83
2019-07-17,50.84,99.6,369.52,57.32,136.66,28.86,2984.42,25.12,16.99
2019-07-18,51.42,98.9,361.11,57.32,142.92,28.76,2995.11,24.99,16.9
2019-07-19,50.65,98.23,377.36,56.51,142.97,28.59,2976.61,24.76,17.21
2019-07-22,51.81,99.28,373.42,56.9,143.03,28.35,2985.03,24.26,17.05
2019-07-23,52.21,99.72,373.07,57.31,143.64,29.2,3005.47,24.23,17.34
2019-07-24,52.17,100.04,361.43,56.89,143.3,29.71,3019.56,25.1,17.66
2019-07-25,51.76,98.69,348.09,56.61,143.65,29.37,3003.67,25.53,15.25
2019-07-26,51.94,97.15,345.0,62.52,144.57,30.47,3025.86,25.79,15.2
2019-07-29,52.42,95.62,340.21,61.97,144.12,30.47,3020.97,25.93,15.72
2019-07-30,52.2,94.93,347.46,61.26,143.05,30.55,3013.18,25.81,16.15
2019-07-31,53.26,93.34,341.18,60.83,141.59,30.02,2980.38,25.71,16.11
2019-08-01,52.11,92.77,334.29,60.45,143.58,29.4,2953.56,25.77,15.59
2019-08-02,51.01,91.16,339.56,59.7,140.65,28.65,2932.05,25.8,15.62
2019-08-05,48.34,88.26,331.06,57.62,134.45,27.94,2844.74,25.29,15.22
2019-08-06,49.25,89.39,332.45,58.5,134.42,28.23,2881.77,25.65,15.38
2019-08-07,49.76,89.67,331.38,58.7,132.87,28.27,2883.98,25.72,15.56
2019-08-08,50.86,91.64,336.35,60.24,133.82,28.9,2938.09,26.08,15.89
2019-08-09,50.25,90.38,337.55,59.4,130.03,28.85,2918.65,26.08,15.67
2019-08-12,50.12,89.25,332.94,58.74,128.11,28.43,2883.75,26.04,15.27
2019-08-13,52.24,91.22,332.86,59.86,129.7,28.86,2926.32,26.33,15.67
2019-08-14,50.69,88.15,320.42,58.21,125.37,27.74,2840.6,25.74,14.64
2019-08-15,50.44,88.81,328.0,58.36,126.01,27.93,2847.6,25.93,14.38
2019-08-16,51.63,89.63,330.45,58.88,127.76,28.31,2888.68,26.41,14.66
2019-08-19,52.59,90.81,333.78,59.92,128.99,28.77,2923.65,26.72,15.12
2019-08-20,52.59,90.07,331.75,59.13,127.04,28.81,2900.51,26.42,15.06
2019-08-21,53.16,91.18,339.99,59.56,128.23,28.51,2924.43,26.55,14.72
2019-08-22,53.12,90.28,354.41,59.48,128.3,28.51,2922.95,26.73,14.81
2019-08-23,50.66,87.48,356.01,57.56,123.76,27.78,2847.11,26.3,14.09
2019-08-26,51.62,88.44,359.04,58.44,124.16,28.04,2878.38,26.38,14.33
2019-08-27,51.04,88.09,354.73,58.39,125.29,27.89,2869.16,26.22,14.27
2019-08-28,51.38,88.21,359.97,58.55,126.81,28.14,2887.94,26.4,14.37
2019-08-29,52.25,89.32,362.74,59.64,128.83,28.15,2924.58,26.54,14.78
2019-08-30,52.19,88.81,364.09,59.41,129.45,28.06,2926.46,26.63,15.04
2019-09-03,51.43,89.49,354.42,58.42,128.09,27.09,2906.27,26.72,15.0
2019-09-04,52.3,90.03,356.53,59.07,130.21,27.48,2937.78,26.97,14.71
2019-09-05,53.32,92.04,360.3,60.57,134.65,27.98,2976.0,27.1,15.31
2019-09-06,53.32,91.68,363.0,60.25,134.27,28.3,2978.71,27.38,15.16
2019-09-09,53.54,91.57,358.78,60.22,136.21,28.4,2978.43,27.78,15.45
2019-09-10,54.18,91.03,369.49,60.3,138.55,28.8,2979.39,28.38,15.7
2019-09-11,55.9,91.15,382.94,61.01,137.16,28.75,3000.93,29.26,16.47
2019-09-12,55.77,92.18,375.63,61.71,137.18,29.17,3009.57,28.98,16.39
2019-09-13,54.69,91.97,379.76,61.98,137.23,29.07,3007.39,28.63,16.35
2019-09-16,54.98,90.39,378.85,61.57,136.09,29.69,2997.96,28.18,16.19
2019-09-17,55.18,91.13,384.2,61.46,135.82,29.6,3005.7,28.06,16.32
2019-09-18,55.69,90.87,386.41,61.62,135.84,29.51,3006.73,27.76,16.23
2019-09-19,55.24,91.08,384.44,61.94,136.56,29.06,3006.79,28.05,16.44
2019-09-20,54.43,89.71,379.39,61.5,135.52,28.85,2992.07,28.63,16.04
2019-09-23,54.68,89.27,377.03,61.7,135.7,28.62,2991.78,28.39,16.08
2019-09-24,54.42,87.08,381.65,60.94,135.33,28.4,2966.6,28.23,14.88
2019-09-25,55.26,88.42,386.2,62.33,136.74,28.27,2984.87,28.23,15.25
2019-09-26,54.97,86.99,386.89,62.07,137.11,27.68,2977.62,28.23,16.17
2019-09-27,54.71,86.27,382.86,61.25,136.82,27.27,2961.79,28.27,16.14
2019-09-30,55.99,86.8,380.47,60.95,138.9,27.72,2976.74,28.58,16.06
2019-10-01,56.15,86.78,374.94,60.26,137.22,27.68,2940.25,28.25,16.31
2019-10-02,54.74,85.66,367.36,58.83,135.34,27.11,2887.61,28.0,16.21
2019-10-03,55.21,86.22,372.07,59.39,135.65,27.25,2910.63,28.09,15.54
2019-10-04,56.75,86.98,375.7,60.45,136.58,27.29,2952.01,28.33,15.43
2019-10-07,56.77,86.63,376.54,60.38,134.95,27.25,2938.79,28.44,15.85
2019-10-08,56.1,85.28,374.1,59.46,132.18,26.35,2893.06,28.3,16.0
2019-10-09,56.76,86.1,374.96,60.12,133.41,26.8,2919.4,27.98,16.3
2019-10-10,57.52,86.01,371.0,60.43,134.8,27.43,2938.13,28.26,16.32
2019-10-11,59.05,86.6,374.92,60.77,136.36,28.08,2970.27,28.38,16.53
2019-10-14,58.97,86.82,373.18,60.86,135.67,27.97,2966.15,28.3,17.13
2019-10-15,58.83,88.37,370.96,62.15,136.59,27.87,2995.68,28.62,17.19
2019-10-16,58.59,88.87,372.43,62.18,135.74,27.43,2989.69,28.54,17.32
2019-10-17,58.82,89.37,369.06,62.65,128.24,27.64,2997.95,28.55,17.46
2019-10-18,59.1,87.88,344.0,62.27,128.08,27.87,2986.2,29.05,17.13
2019-10-21,60.13,89.28,331.06,62.31,126.64,28.0,3006.72,28.87,16.9
2019-10-22,59.99,88.29,337.0,62.14,127.95,27.71,2995.99,28.83,17.04
2019-10-23,60.8,88.11,340.5,62.96,128.35,28.03,3004.52,28.5,16.98
2019-10-24,60.9,89.04,344.55,63.05,128.06,28.22,3010.29,27.81,19.98
2019-10-25,61.65,88.07,339.83,63.26,129.37,28.15,3022.55,27.87,21.88
2019-10-28,62.26,88.85,340.88,64.5,129.87,28.55,3039.42,29.07,21.85
2019-10-29,60.82,88.14,348.93,63.13,127.82,28.53,3036.89,28.74,21.08
2019-10-30,60.82,89.0,346.06,63.06,129.19,28.63,3046.77,28.85,21.0
2019-10-31,62.19,88.83,339.91,63.01,127.73,28.5,3037.56,29.07,20.99
2019-11-01,63.96,89.57,345.19,63.69,129.45,28.83,3066.91,29.41,20.89
2019-11-04,64.38,90.23,351.09,64.57,131.5,29.77,3078.27,29.37,21.16
2019-11-05,64.28,90.09,358.29,64.6,131.71,30.39,3074.62,29.58,21.15
2019-11-06,64.31,89.79,354.19,64.59,132.56,30.52,3076.78,29.64,21.77
2019-11-07,64.86,89.41,357.31,65.44,131.52,30.82,3085.18,29.77,22.37
2019-11-08,65.04,89.29,351.0,65.57,131.44,31.41,3093.08,29.74,22.48
2019-11-11,65.55,88.58,366.96,64.96,129.4,31.44,3087.01,29.73,23.01
2019-11-12,65.49,88.9,362.88,64.94,129.51,30.99,3091.84,29.58,23.33
2019-11-13,66.12,87.66,362.5,64.9,128.45,31.04,3094.04,29.57,23.07
2019-11-14,65.66,87.73,367.44,65.57,127.99,31.1,3096.63,29.41,23.29
2019-11-15,66.44,86.97,371.68,66.74,128.37,31.18,3120.46,29.83,23.48
2019-11-18,66.78,87.63,369.46,66.04,128.29,31.53,3122.03,29.93,23.33
2019-11-19,66.57,87.64,367.0,65.77,128.49,31.81,3120.18,28.7,23.97
2019-11-20,65.8,87.28,370.91,65.15,127.23,31.82,3108.46,28.08,23.48
2019-11-21,65.5,86.74,366.44,65.07,127.84,31.7,3103.54,28.39,23.66
2019-11-22,65.45,87.29,371.34,64.77,128.32,31.94,3110.29,28.51,22.2
2019-11-25,66.59,88.69,373.13,65.33,129.87,32.05,3133.64,28.14,22.42
2019-11-26,66.07,89.85,373.51,65.68,129.03,31.95,3140.52,28.24,21.93
2019-11-27,66.96,90.93,368.0,65.65,127.77,32.18,3153.63,28.44,22.09
2019-11-29,66.81,90.04,366.18,65.25,128.42,31.95,3140.98,28.23,22.0
2019-12-02,66.04,89.08,355.18,64.5,126.95,31.96,3113.87,28.18,22.32
2019-12-03,64.86,88.5,352.08,64.76,126.2,31.62,3093.2,28.36,22.41
2019-12-04,65.44,88.03,348.84,66.03,126.07,31.77,3112.76,28.77,22.2
2019-12-05,66.4,87.02,345.68,66.41,126.0,31.93,3117.43,28.84,22.02
2019-12-06,67.68,87.58,354.09,67.03,127.25,32.17,3145.91,28.85,22.39
2019-12-09,66.73,87.48,351.21,67.18,127.92,31.86,3135.96,28.73,22.64
2019-12-10,67.12,86.96,347.9,67.23,127.91,31.99,3132.52,28.74,23.26
2019-12-11,67.69,87.44,350.0,67.25,127.76,32.11,3141.63,28.83,23.51
2019-12-12,67.87,88.02,346.29,67.51,129.25,32.54,3168.57,28.96,23.98
2019-12-13,68.79,88.05,341.67,67.39,128.19,32.75,3168.8,28.89,23.89
2019-12-16,69.97,88.46,327.0,68.06,128.12,32.95,3191.45,29.14,25.43
2019-12-17,70.1,89.53,327.0,67.76,128.2,33.08,3192.52,29.07,25.27
2019-12-18,69.94,89.2,330.68,67.63,128.38,33.26,3191.14,29.26,26.21
2019-12-19,70.01,89.61,333.5,67.8,128.53,33.26,3205.37,29.4,26.94
2019-12-20,69.86,89.33,328.0,67.48,129.51,33.3,3221.22,29.57,27.04
2019-12-23,71.0,89.65,337.55,67.44,129.47,33.49,3224.01,29.5,27.95
2019-12-24,71.07,89.46,333.0,67.18,128.93,33.42,3223.38,29.42,28.35
2019-12-26,72.48,93.44,329.92,68.02,128.86,33.53,3239.91,29.57,28.73
2019-12-27,72.45,93.49,330.14,67.59,129.21,33.59,3240.02,29.63,28.69
2019-12-30,72.88,92.34,326.4,66.81,126.86,33.32,3221.29,29.48,27.65
2019-12-31,73.41,92.39,325.76,66.85,128.03,33.27,3230.78,29.51,27.89
2020-01-02,75.09,94.9,333.32,68.37,129.35,33.66,3257.85,29.35,28.68
2020-01-03,74.36,93.75,332.76,68.03,128.32,33.29,3234.85,29.5,29.53
2020-01-06,74.95,95.14,333.74,69.71,128.09,32.89,3246.28,29.53,30.1
2020-01-07,74.6,95.34,337.28,69.67,128.17,32.91,3237.18,29.64,31.27
2020-01-08,75.8,94.6,331.37,70.22,129.24,33.24,3253.05,29.73,32.81
2020-01-09,77.41,95.05,336.34,70.99,130.61,33.44,3274.7,29.3,32.09
2020-01-10,77.58,94.16,329.92,71.49,130.56,33.21,3265.35,29.13,31.88
2020-01-13,79.24,94.57,330.22,71.96,130.48,33.37,3288.13,28.77,34.99
2020-01-14,78.17,93.47,332.35,71.54,129.73,33.29,3283.15,28.76,35.86
2020-01-15,77.84,93.1,329.8,71.96,130.49,33.09,3289.29,28.6,34.57
2020-01-16,78.81,93.9,332.0,72.59,131.79,34.02,3316.81,28.72,34.23
2020-01-17,79.68,93.24,324.15,74.02,132.11,34.54,3329.62,28.98,34.03
2020-01-21,79.14,94.6,313.37,74.22,132.93,32.39,3320.79,29.09,36.48
2020-01-22,79.43,94.37,309.0,74.3,137.44,31.95,3321.75,29.48,37.97
2020-01-23,79.81,94.23,317.79,74.33,136.46,32.32,3325.54,29.17,38.15
2020-01-24,79.58,93.08,323.05,73.34,134.26,31.57,3295.47,29.07,37.65
2020-01-27,77.24,91.42,316.6,71.7,132.4,30.35,3243.63,28.89,37.2
2020-01-28,79.42,92.66,316.56,72.63,133.29,30.97,3276.24,29.13,37.79
2020-01-29,81.09,92.9,322.02,72.93,131.52,31.27,3273.4,27.98,38.73
2020-01-30,80.97,93.53,323.3,72.79,130.64,31.3,3283.66,28.27,42.72
2020-01-31,77.38,100.44,318.27,71.71,137.29,31.06,3225.52,28.41,43.37
2020-02-03,77.17,100.21,316.0,74.3,139.71,31.21,3248.92,27.91,52.0
2020-02-04,79.71,102.48,317.94,72.35,142.42,32.25,3297.59,28.42,59.14
2020-02-05,80.36,101.99,329.55,72.41,149.32,32.37,3334.69,28.55,48.98
2020-02-06,81.3,102.51,341.43,73.81,149.73,32.48,3345.78,29.03,49.93
2020-02-07,80.01,103.96,336.75,73.96,146.53,31.36,3327.71,29.04,49.87
2020-02-10,80.39,106.7,344.67,75.43,147.51,32.11,3352.09,28.95,51.42
2020-02-11,79.9,107.54,344.42,75.44,146.6,32.71,3357.75,28.83,51.63
2020-02-12,81.8,108.0,347.45,75.91,148.35,33.66,3379.45,28.73,51.15
2020-02-13,81.22,107.49,342.82,75.73,147.39,31.8,3373.94,28.93,53.6
2020-02-14,81.24,106.74,340.49,76.04,143.94,31.52,3380.16,28.89,53.34
2020-02-18,79.75,107.78,338.88,75.98,144.33,32.02,3370.29,28.89,57.23
2020-02-19,80.91,108.51,338.3,76.33,144.1,32.09,3386.15,29.03,61.16
2020-02-20,80.08,107.66,336.28,75.91,144.44,32.34,3373.23,29.16,59.96
2020-02-21,78.26,104.8,330.38,74.26,143.12,31.39,3337.75,29.11,60.07
2020-02-24,74.55,100.46,317.9,71.08,139.86,29.7,3225.89,28.73,55.59
2020-02-25,72.02,98.64,304.14,69.42,135.36,27.89,3128.21,28.21,53.33
2020-02-26,73.16,98.98,305.59,69.66,133.48,26.71,3116.39,28.02,51.92
2020-02-27,68.38,94.22,287.76,65.9,127.14,25.52,2978.76,26.98,45.27
2020-02-28,68.34,94.19,275.11,66.97,124.31,24.56,2954.22,26.6,44.53
2020-03-02,74.7,97.7,289.27,69.46,128.28,25.05,3090.23,28.08,49.57
2020-03-03,72.33,95.45,280.62,67.07,123.12,23.3,3003.37,27.41,49.7
2020-03-04,75.69,98.79,283.12,69.33,128.2,23.3,3130.12,28.83,49.97
2020-03-05,73.23,96.2,260.37,65.95,123.74,20.6,3023.94,28.08,48.3
2020-03-06,72.26,95.05,262.33,64.92,122.0,20.39,2972.37,27.96,46.9
2020-03-09,66.54,90.03,227.17,60.78,112.53,17.88,2746.56,26.2,40.53
2020-03-10,71.34,94.59,231.01,64.02,119.18,20.79,2882.23,27.07,43.02
2020-03-11,68.86,91.04,189.08,60.77,112.68,18.08,2741.38,26.07,42.28
2020-03-12,62.06,83.83,154.84,55.75,98.2,15.26,2480.64,23.66,37.37
2020-03-13,69.49,89.25,170.2,60.99,103.11,15.44,2711.02,26.03,36.44
2020-03-16,60.55,84.46,129.61,54.22,94.64,10.25,2386.13,24.02,29.67
2020-03-17,63.22,90.39,124.14,55.99,101.87,9.55,2529.19,25.48,28.68
2020-03-18,61.67,91.5,101.89,54.84,98.91,7.14,2398.1,24.81,24.08
2020-03-19,61.2,94.05,97.71,55.76,95.84,7.7,2409.39,23.52,28.51
2020-03-20,57.31,92.3,95.01,53.62,91.11,9.11,2304.92,21.48,28.5
2020-03-23,56.09,95.14,105.62,52.83,90.52,9.15,2237.4,20.22,28.95
2020-03-24,61.72,97.01,127.68,56.72,100.75,12.18,2447.33,21.21,33.67
2020-03-25,61.38,94.29,158.73,55.12,101.1,12.95,2475.56,21.45,35.95
2020-03-26,64.61,97.77,180.55,58.09,107.83,13.45,2630.07,23.11,35.21
2020-03-27,61.94,95.01,162.0,55.54,103.19,12.19,2541.47,22.53,34.29
2020-03-30,63.7,98.2,152.28,57.34,107.87,11.53,2626.65,22.83,33.48
2020-03-31,63.57,97.49,149.14,58.14,105.96,11.8,2584.59,22.01,34.93
2020-04-01,60.23,95.39,130.7,55.28,100.43,11.77,2470.5,21.18,32.1
2020-04-02,61.23,95.94,123.27,56.04,105.07,11.51,2526.9,21.72,30.3
2020-04-03,60.35,95.33,124.52,54.89,101.57,10.58,2488.65,20.74,32.0
2020-04-06,65.62,99.88,148.77,59.35,109.67,12.91,2663.68,22.23,34.42
2020-04-07,64.86,100.58,141.58,59.33,109.79,13.63,2659.41,22.72,36.36
2020-04-08,66.52,102.15,146.87,60.51,113.94,15.0,2749.98,22.57,36.59
2020-04-09,67.0,102.14,151.84,60.57,116.05,14.55,2789.82,23.21,38.2
2020-04-13,68.31,108.44,147.33,60.88,115.72,13.91,2761.63,22.8,43.4
2020-04-14,71.76,114.17,141.0,63.46,118.35,15.04,2846.06,23.51,47.33
2020-04-15,71.11,115.38,145.98,63.12,113.37,14.42,2783.36,22.72,48.66
2020-04-16,71.67,120.41,134.24,63.17,110.54,13.82,2799.55,22.78,49.68
2020-04-17,70.7,118.75,154.0,64.16,114.73,14.08,2874.56,23.58,50.26
2020-04-20,69.23,119.68,143.61,63.33,115.01,13.53,2823.16,23.4,49.76
2020-04-21,67.09,116.41,136.33,60.82,111.52,13.19,2736.56,22.56,45.78
2020-04-22,69.03,118.17,134.97,63.16,113.96,13.29,2799.31,22.26,48.81
2020-04-23,68.76,119.97,137.74,63.82,115.91,13.78,2797.8,22.28,47.04
2020-04-24,70.74,120.51,128.98,63.97,119.13,13.94,2836.74,22.44,48.34
2020-04-27,70.79,118.8,128.68,63.79,120.27,15.23,2878.48,23.06,53.25
2020-04-28,69.65,115.7,131.3,61.68,120.61,15.81,2863.39,23.15,51.27
2020-04-29,71.93,118.64,139.0,67.07,122.92,17.46,2939.51,23.74,53.37
2020-04-30,73.45,123.7,141.02,67.43,119.93,16.83,2912.43,23.01,52.13
2020-05-01,72.27,114.3,133.37,66.03,116.41,15.01,2830.71,22.58,46.75
2020-05-04,73.29,115.8,131.46,66.34,116.22,14.78,2842.74,22.35,50.75
2020-05-05,74.39,115.89,125.4,67.56,117.08,14.27,2868.44,22.46,51.21
2020-05-06,75.16,117.56,121.86,67.37,117.65,13.91,2848.42,21.74,52.17
2020-05-07,75.94,118.38,128.65,68.63,115.79,14.93,2881.19,21.82,52.0
2020-05-08,77.53,118.98,133.44,69.42,117.48,15.59,2929.8,22.5,54.63
2020-05-11,78.75,120.45,128.91,70.16,117.09,14.65,2930.32,22.19,54.09
2020-05-12,77.85,117.85,125.22,68.79,114.87,13.84,2870.12,21.82,53.96
2020-05-13,76.91,118.4,121.5,67.47,110.54,12.68,2820.0,21.21,52.73
2020-05-14,77.39,119.44,122.52,67.81,111.71,13.52,2852.5,21.58,53.56
2020-05-15,76.93,120.49,,68.66,111.74,13.85,2863.7,21.38,53.28
2020-05-18,78.74,121.31,135.44,69.2,116.11,15.31,2953.91,22.24,54.24
2020-05-19,78.29,122.47,130.44,68.67,114.9,15.16,2922.94,21.87,53.87
2020-05-20,79.81,124.9,133.32,70.34,115.94,16.5,2971.61,22.35,54.37
2020-05-21,79.21,122.34,139.0,70.14,113.78,15.99,2948.51,22.48,55.17
2020-05-22,79.72,121.84,137.53,70.52,113.08,15.9,2955.45,22.56,54.46
2020-05-26,79.18,121.09,144.73,70.85,116.3,17.65,2991.77,23.27,54.59
2020-05-27,79.53,120.52,149.52,70.89,119.91,18.11,3036.13,24.05,54.68
2020-05-28,79.56,120.06,149.82,70.84,118.95,17.23,3029.73,23.46,53.72
2020-05-29,79.49,122.12,145.85,71.45,119.3,17.18,3044.31,23.3,55.67
2020-06-01,80.46,123.55,151.39,71.59,119.29,17.8,3055.73,23.36,59.87
2020-06-02,80.84,123.62,153.31,71.96,120.35,18.2,3080.82,23.4,58.77
2020-06-03,81.28,123.92,173.16,71.82,123.26,20.26,3122.87,23.8,58.86
2020-06-04,80.58,123.03,184.3,70.61,123.11,21.72,3112.35,24.01,57.63
2020-06-05,82.88,124.15,205.43,71.92,126.14,21.72,3193.93,24.75,59.04
2020-06-08,83.37,126.2,230.5,72.33,129.66,23.76,3232.39,25.09,63.33
2020-06-09,86.0,130.04,216.74,72.81,125.96,22.06,3207.18,24.63,62.71
2020-06-10,88.21,132.37,203.41,73.29,124.05,20.51,3190.14,24.27,68.34
2020-06-11,83.98,127.9,170.0,70.19,112.72,17.84,3002.1,22.78,64.86
2020-06-12,84.7,127.25,189.51,70.66,116.44,19.17,3041.31,23.03,62.35
2020-06-15,85.75,128.63,190.94,70.99,116.2,19.45,3066.59,23.03,66.06
2020-06-16,88.02,130.76,197.77,72.14,119.54,19.35,3124.74,23.24,65.48
2020-06-17,87.9,132.05,192.54,72.56,118.58,18.97,3113.49,22.85,66.12
2020-06-18,87.93,132.7,192.29,71.8,118.59,18.58,3115.34,22.92,66.93
2020-06-19,87.43,133.75,187.02,71.59,116.98,18.21,3097.74,22.89,66.73
2020-06-22,89.72,135.69,188.52,72.59,115.64,17.77,3117.86,22.74,66.29
2020-06-23,91.63,138.22,187.88,73.22,114.06,18.46,3131.29,22.84,66.79
2020-06-24,90.02,136.72,176.69,71.6,111.2,16.93,3050.33,22.22,64.06
2020-06-25,91.21,137.73,174.88,72.07,113.69,16.7,3083.76,22.44,65.73
2020-06-26,88.41,134.64,170.01,68.0,111.94,15.72,3009.05,21.96,63.98
2020-06-29,90.45,134.02,194.49,69.75,114.38,16.82,3053.24,22.59,67.29
2020-06-30,91.2,137.94,183.3,70.68,115.36,16.8,3100.29,22.83,71.99
2020-07-01,91.03,143.94,180.32,71.9,113.23,16.77,3115.86,22.58,74.64
2020-07-02,91.03,144.52,180.81,73.24,114.33,16.86,3130.01,22.72,80.58
2020-07-06,93.46,152.85,187.91,74.79,114.8,16.71,3179.72,23.03,91.44
2020-07-07,93.17,150.01,178.88,74.26,112.31,16.14,3145.32,22.9,92.66
2020-07-08,95.34,154.06,180.08,74.8,112.43,16.3,3169.94,23.0,91.06
2020-07-09,95.68,159.13,173.28,75.55,110.52,16.0,3152.05,22.31,92.95
2020-07-10,95.92,160.0,178.44,77.09,113.04,16.2,3185.04,22.75,102.98
2020-07-13,95.48,155.2,175.65,75.57,113.86,16.38,3155.22,22.47,99.8
2020-07-14,97.06,154.2,179.96,76.03,115.19,16.16,3197.52,22.63,101.12
2020-07-15,97.73,150.44,187.94,75.68,117.49,18.2,3226.56,22.66,103.07
2020-07-16,96.52,150.0,178.7,75.9,118.45,17.6,3215.57,22.95,100.04
2020-07-17,96.33,148.1,175.66,75.78,119.5,16.81,3224.73,22.84,100.06
2020-07-20,98.36,159.84,174.42,78.29,120.7,16.33,3251.84,22.54,109.53
2020-07-21,97.0,156.91,178.63,77.92,120.41,16.69,3257.3,22.84,104.56
2020-07-22,97.27,155.0,179.79,78.42,122.9,16.33,3276.02,22.78,106.16
2020-07-23,92.85,149.33,176.45,75.78,121.62,15.89,3235.66,22.58,100.87
2020-07-24,92.62,150.45,173.76,75.59,120.15,15.79,3215.63,22.33,94.47
2020-07-27,94.81,152.76,170.21,76.51,120.55,14.96,3239.41,22.12,102.64
2020-07-28,93.25,150.02,170.84,75.02,118.89,15.41,3218.44,22.42,98.43
2020-07-29,95.04,151.68,166.01,76.1,119.7,16.25,3258.44,22.32,99.94
2020-07-30,96.19,152.59,161.95,76.57,117.39,16.64,3246.22,22.33,99.17
2020-07-31,106.26,158.23,158.0,74.15,117.43,16.09,3271.12,22.34,95.38
2020-08-03,108.94,155.59,162.27,73.72,118.74,16.32,3294.61,22.37,99.0
2020-08-04,109.67,156.94,165.07,73.25,120.2,16.72,3306.51,22.66,99.13
2020-08-05,110.06,160.25,174.28,73.68,119.83,16.72,3327.77,22.54,99.0
2020-08-06,113.9,161.25,172.2,75.01,120.47,18.46,3349.16,22.53,99.31
2020-08-07,111.11,158.37,170.02,74.72,119.36,19.03,3351.28,22.67,96.85
2020-08-10,112.73,157.41,179.41,74.81,121.41,21.65,3360.47,22.81,94.57
2020-08-11,109.38,154.03,180.13,74.02,121.07,21.5,3333.69,22.81,91.63
2020-08-12,113.01,158.11,175.44,75.33,121.02,21.13,3380.35,22.79,103.65
2020-08-13,115.01,158.05,174.73,75.92,119.42,21.34,3373.43,22.59,108.07
2020-08-14,114.91,157.4,178.08,75.39,119.65,21.81,3372.85,22.66,110.05
2020-08-17,114.61,159.12,172.01,75.9,118.86,21.38,3381.99,22.54,122.38
2020-08-18,115.56,165.62,170.23,77.93,119.32,20.95,3389.78,22.5,125.81
2020-08-19,115.71,163.02,169.27,77.38,118.29,20.9,3374.85,22.45,125.24
2020-08-20,118.28,164.87,169.58,79.09,117.63,20.83,3385.51,22.41,133.46
2020-08-21,124.37,164.24,167.5,79.02,117.64,21.16,3397.16,22.42,136.67
2020-08-24,125.86,165.37,178.27,79.41,120.05,22.27,3431.28,22.68,134.28
2020-08-25,124.83,167.32,174.73,80.41,119.05,22.09,3443.62,22.58,134.89
2020-08-26,126.52,172.09,171.9,82.62,118.6,21.99,3478.73,22.65,143.54
2020-08-27,125.01,170.0,174.2,81.72,119.06,22.81,3484.55,22.58,149.25
2020-08-28,124.81,170.09,175.8,82.22,119.46,23.86,3508.01,22.69,147.56
2020-08-31,129.04,172.55,171.82,81.71,117.78,22.5,3500.31,22.51,166.11
2020-09-01,134.18,174.96,172.1,83.04,117.87,22.77,3526.65,22.26,158.35
2020-09-02,131.4,176.57,174.78,86.41,122.43,23.72,3580.84,22.43,149.12
2020-09-03,120.88,168.4,168.77,82.09,118.87,23.07,3455.06,22.35,135.67
2020-09-04,120.96,164.73,171.05,79.55,116.82,23.52,3426.96,22.22,139.44
2020-09-08,112.82,157.49,161.08,76.62,115.78,23.17,3331.84,22.29,110.07
2020-09-09,117.32,163.43,160.78,77.85,116.78,23.11,3398.96,22.18,122.09
2020-09-10,113.49,158.76,157.69,76.6,115.15,22.84,3339.19,21.83,123.78
2020-09-11,112.0,155.81,160.23,76.04,116.01,22.73,3340.97,21.9,124.24
2020-09-14,115.36,155.15,165.35,75.96,116.62,23.06,3383.54,22.01,139.87
2020-09-15,115.54,157.81,163.49,77.07,116.95,23.74,3401.2,21.99,149.92
2020-09-16,112.13,153.91,167.46,76.05,118.65,23.01,3385.49,22.08,147.25
2020-09-17,110.34,150.44,167.53,74.78,119.32,22.52,3357.01,21.95,141.14
2020-09-18,106.84,147.75,161.14,73.0,117.26,22.02,3319.47,21.85,147.38
2020-09-21,110.08,148.02,156.35,71.56,114.86,21.09,3281.06,21.62,149.8
2020-09-22,111.81,156.45,156.8,73.27,115.11,21.62,3315.57,21.53,141.41
2020-09-23,107.12,149.99,151.18,70.76,113.5,21.38,3236.92,21.05,126.79
2020-09-24,108.22,150.99,146.05,71.41,112.8,21.19,3246.59,21.18,129.26
2020-09-25,112.28,154.76,156.03,72.25,113.62,22.1,3298.46,21.18,135.78
2020-09-28,114.96,158.7,166.08,73.23,116.27,22.63,3351.6,21.43,140.4
2020-09-29,114.09,157.24,163.6,73.47,115.52,21.72,3335.47,21.37,139.69
2020-09-30,115.81,157.44,165.26,73.48,116.21,21.75,3363.0,21.53,143.0
2020-10-01,116.79,161.06,167.86,74.5,115.66,21.82,3380.8,21.51,149.39
2020-10-02,113.02,156.25,168.08,72.92,115.16,21.66,3348.44,21.66,138.36
2020-10-05,116.5,159.96,171.2,74.3,116.54,21.55,3408.63,21.65,141.89
2020-10-06,113.16,155.0,159.54,72.67,116.5,21.05,3360.95,21.68,137.99
2020-10-07,115.08,159.78,164.61,73.01,118.51,21.5,3419.45,21.75,141.77
2020-10-08,114.97,159.53,168.0,74.3,125.59,21.93,3446.83,21.61,141.97
2020-10-09,116.97,164.33,167.33,75.76,122.06,21.36,3477.13,21.39,144.67
2020-10-12,124.4,172.15,167.35,78.46,121.51,21.4,3534.22,21.24,147.43
2020-10-13,121.1,172.18,162.14,78.58,119.49,20.97,3511.93,20.96,148.88
2020-10-14,121.19,168.19,163.24,78.4,120.29,21.09,3488.67,20.76,153.77
2020-10-15,120.71,166.93,164.24,77.96,119.29,21.16,3483.34,20.73,149.63
2020-10-16,119.02,163.64,167.35,78.65,120.28,21.24,3483.81,20.64,146.56
2020-10-19,115.98,160.36,167.11,76.73,119.89,20.8,3426.92,20.3,143.61
2020-10-20,117.51,160.85,167.24,77.8,112.11,21.41,3443.12,20.21,140.65
2020-10-21,116.87,159.25,163.86,79.67,109.9,21.41,3435.56,20.18,140.88
2020-10-22,115.75,158.82,169.07,80.77,110.57,22.62,3453.49,21.36,141.93
2020-10-23,115.04,160.22,167.36,82.05,110.8,23.36,3465.39,21.01,140.21
2020-10-26,115.05,160.35,160.83,79.52,107.19,22.13,3400.97,20.68,140.09
2020-10-27,116.6,164.32,155.24,80.21,105.6,21.04,3390.68,20.33,141.56
2020-10-28,111.2,158.14,148.14,75.83,101.87,20.1,3271.03,20.01,135.34
2020-10-29,115.32,160.55,148.29,78.36,104.03,21.29,3310.11,20.21,136.94
2020-10-30,108.86,151.81,144.39,81.05,106.65,20.57,3269.96,20.4,129.35
2020-11-02,108.77,150.22,148.6,81.3,107.85,20.97,3310.24,20.65,133.5
2020-11-03,110.44,152.42,153.65,82.51,109.04,21.75,3369.16,20.74,141.3
2020-11-04,114.95,162.06,151.63,87.46,106.88,21.44,3443.44,20.42,140.33
2020-11-05,119.03,166.1,157.09,88.17,109.62,21.84,3510.45,20.77,146.03
2020-11-06,118.69,165.57,157.74,88.09,108.93,22.02,3509.44,20.72,143.32
2020-11-09,116.32,157.19,179.36,88.15,110.35,25.3,3550.5,21.37,140.42
2020-11-10,115.97,151.75,188.69,87.02,112.62,24.78,3545.53,21.79,136.79
2020-11-11,119.49,156.87,182.15,87.64,111.95,23.98,3572.66,21.7,139.04
2020-11-12,119.21,155.51,176.72,87.49,109.37,23.69,3537.01,21.48,137.25
2020-11-13,119.26,156.44,187.11,88.85,111.61,25.9,3585.15,21.83,136.17
2020-11-16,120.3,156.55,202.4,89.07,113.05,26.51,3626.91,21.88,136.03
2020-11-17,119.39,156.78,210.05,88.51,112.42,26.42,3609.53,21.92,147.2
2020-11-18,118.03,155.27,203.3,87.34,111.53,26.91,3567.79,21.61,162.21
2020-11-19,118.64,155.85,205.67,88.2,111.93,27.24,3581.87,21.36,166.42
2020-11-20,117.34,154.97,199.62,87.11,111.7,26.21,3557.54,21.39,163.2
2020-11-23,113.85,154.92,211.53,86.74,114.71,26.15,3577.59,21.61,173.95
2020-11-24,115.17,155.9,218.49,88.44,118.84,28.45,3635.41,22.07,185.13
2020-11-25,116.03,159.25,217.61,88.57,118.63,28.39,3629.65,21.89,191.33
2020-11-27,116.59,159.77,216.5,89.66,118.77,28.62,3638.35,21.92,195.25
2020-11-30,119.05,158.4,210.71,88.04,117.98,28.25,3621.63,21.71,189.2
2020-12-01,122.72,161.0,213.01,89.91,117.64,28.81,3662.45,21.8,194.92
2020-12-02,123.08,160.18,223.85,91.4,119.03,29.35,3669.01,21.97,189.61
2020-12-03,122.94,159.34,237.2,91.34,118.07,29.91,3666.72,22.07,197.79
2020-12-04,122.25,158.13,232.71,91.4,121.5,30.72,3699.12,22.31,199.68
2020-12-07,123.75,157.9,238.17,90.97,119.11,29.83,3691.96,22.38,213.92
2020-12-08,124.38,158.86,236.57,90.93,120.07,29.89,3702.25,23.27,216.63
2020-12-09,121.78,155.21,232.06,89.21,121.11,29.94,3672.82,23.76,201.49
2020-12-10,123.24,155.07,234.43,88.77,119.36,30.93,3668.1,23.18,209.02
2020-12-11,122.41,155.82,230.33,89.09,118.7,30.18,3663.46,23.42,203.33
2020-12-14,121.78,157.85,228.62,88.0,117.99,29.51,3647.49,23.07,213.28
2020-12-15,127.88,158.26,229.5,88.39,120.28,30.76,3694.62,23.09,211.08
2020-12-16,127.81,162.05,225.87,88.15,119.92,30.98,3701.17,22.87,207.59
2020-12-17,128.7,161.8,221.24,87.4,119.92,31.12,3722.48,22.37,218.63
2020-12-18,126.66,160.08,219.75,86.55,120.21,31.67,3709.41,22.2,231.67
2020-12-21,128.23,160.31,219.31,86.97,117.86,30.49,3694.92,21.91,216.62
2020-12-22,131.88,160.33,218.78,86.18,118.07,30.35,3687.26,21.45,213.45
2020-12-23,130.96,159.26,219.69,86.62,118.34,30.98,3690.01,21.71,215.33
2020-12-24,131.97,158.63,217.15,86.94,119.1,30.74,3703.06,21.67,220.59
2020-12-28,136.69,164.2,216.09,88.8,119.22,31.29,3735.36,21.56,221.23
2020-12-29,134.87,166.1,216.25,87.94,118.25,30.77,3727.04,21.55,222.0
2020-12-30,133.72,164.29,216.67,86.98,118.77,31.19,3732.04,21.51,231.59
2020-12-31,132.69,162.85,214.06,87.59,120.24,31.51,3756.07,21.72,235.22
2021-01-04,129.41,159.33,202.72,86.41,118.38,29.7,3700.65,22.23,243.26
2021-01-05,131.01,160.93,211.63,87.05,120.48,30.36,3726.86,22.1,245.04
2021-01-06,126.6,156.92,211.03,86.76,123.49,31.18,3748.14,22.53,251.99
2021-01-07,130.92,158.11,212.71,89.36,123.21,30.6,3803.79,22.59,272.01
2021-01-08,132.05,159.14,209.9,90.36,122.77,31.36,3824.68,21.92,293.34
2021-01-11,128.98,155.71,206.79,88.34,122.81,30.79,3799.61,21.8,270.4
2021-01-12,128.8,156.04,208.41,87.33,123.42,30.29,3801.19,21.71,283.15
2021-01-13,130.89,158.29,207.21,87.72,121.23,30.04,3809.84,21.61,284.8
2021-01-14,128.91,156.37,209.91,87.01,123.19,30.28,3795.54,22.12,281.67
2021-01-15,127.14,155.21,204.32,86.81,122.63,29.8,3768.25,22.03,275.39
2021-01-19,127.83,156.04,210.71,89.54,123.24,30.53,3798.91,21.86,281.52
2021-01-20,132.03,163.17,211.45,94.35,124.25,31.06,3851.85,21.87,283.48
2021-01-21,136.87,165.35,207.41,94.56,125.75,31.53,3853.07,21.77,281.66
2021-01-22,139.07,164.61,205.84,95.05,113.29,31.39,3841.47,21.85,282.21
2021-01-25,142.92,164.7,203.36,94.97,113.26,29.98,3855.36,21.98,293.6
2021-01-26,143.16,166.31,202.06,95.86,117.0,29.59,3849.62,22.47,294.36
2021-01-27,142.06,161.63,194.03,91.54,116.98,28.36,3750.77,22.01,288.05
2021-01-28,137.09,161.88,197.23,93.16,114.7,29.56,3787.38,21.75,278.48
2021-01-29,131.96,160.31,194.19,91.79,113.77,28.56,3714.24,21.62,264.51
2021-02-01,134.14,167.14,195.84,95.07,115.14,29.27,3773.86,21.64,279.94
2021-02-02,134.99,169.0,200.94,96.38,114.08,30.64,3826.31,21.55,290.93
2021-02-03,133.94,165.63,207.39,103.5,113.78,30.89,3830.17,21.53,284.9
2021-02-04,137.39,166.55,210.64,103.12,115.59,32.48,3871.74,21.82,283.33
2021-02-05,136.76,167.61,207.93,104.9,116.33,34.25,3886.83,21.85,284.08
2021-02-08,136.91,166.15,211.95,104.65,118.07,35.6,3915.59,21.73,287.81
2021-02-09,136.01,165.25,215.12,104.18,116.63,35.82,3911.23,21.61,283.15
2021-02-10,135.39,164.33,211.92,104.77,116.76,36.47,3909.88,21.56,268.27
2021-02-11,135.13,163.11,210.66,104.79,115.49,35.3,3916.38,21.67,270.55
2021-02-12,135.37,163.89,210.98,105.21,115.38,35.93,3934.83,21.75,272.04
2021-02-16,133.19,163.45,217.18,106.1,114.69,34.99,3932.59,21.88,265.41
2021-02-17,130.84,165.43,215.52,106.42,114.59,34.96,3931.33,22.33,266.05
2021-02-18,129.71,166.41,208.48,105.86,115.32,35.04,3913.97,22.07,262.46
2021-02-19,129.87,162.5,217.47,105.06,113.65,36.42,3906.71,21.9,260.43
2021-02-22,126.0,159.04,212.88,103.24,115.44,37.52,3876.5,22.14,238.17
2021-02-23,125.86,159.73,212.12,103.54,115.3,39.59,3881.37,22.04,232.95
2021-02-24,125.35,157.98,229.34,104.76,117.69,38.63,3925.43,22.19,247.34
2021-02-25,120.99,152.86,216.45,101.57,116.98,36.7,3829.34,21.62,227.41
2021-02-26,121.26,154.65,212.01,101.84,113.6,37.79,3811.15,21.06,225.17
2021-03-01,127.79,157.31,224.39,104.08,115.33,38.3,3901.82,21.21,239.48
2021-03-02,125.12,154.73,223.14,103.79,114.93,38.54,3870.29,21.31,228.81
2021-03-03,122.06,150.25,228.56,101.34,116.87,38.83,3819.72,21.69,217.73
2021-03-04,120.13,148.88,224.71,102.45,114.72,37.29,3768.47,21.84,207.15
2021-03-05,121.42,150.02,223.22,105.43,117.32,37.14,3841.94,22.37,199.32
2021-03-08,116.36,147.6,224.03,101.21,119.21,37.85,3821.35,22.65,187.67
2021-03-09,121.09,153.14,230.61,102.64,118.61,37.48,3875.44,22.38,224.53
2021-03-10,119.98,152.88,245.34,102.75,122.14,37.62,3898.81,22.65,222.69
2021-03-11,121.96,155.68,252.0,105.74,121.44,39.19,3939.34,22.31,233.2
2021-03-12,121.03,154.47,269.19,103.1,121.89,38.98,3943.34,22.51,231.24
2021-03-15,123.99,154.08,265.63,103.32,122.81,40.96,3968.94,22.6,235.98
2021-03-16,125.57,154.59,255.21,104.63,122.49,39.91,3962.71,22.65,225.63
2021-03-17,124.76,156.79,263.59,104.55,123.24,41.23,3974.12,22.77,233.94
2021-03-18,120.53,151.4,256.06,101.81,124.23,39.51,3915.46,22.66,217.72
2021-03-19,119.99,153.75,255.82,102.16,123.12,40.03,3913.1,22.47,218.29
2021-03-22,123.39,155.54,251.23,101.93,124.7,39.03,3940.59,22.65,223.33
2021-03-23,122.54,156.88,241.25,102.65,124.61,37.34,3910.52,22.66,220.72
2021-03-24,120.09,154.35,239.24,102.25,124.76,36.9,3889.14,22.65,210.09
2021-03-25,120.59,152.31,247.19,102.22,127.1,37.96,3909.52,22.72,213.46
2021-03-26,121.21,152.6,244.87,101.78,130.27,37.68,3974.54,22.89,206.24
2021-03-29,121.39,153.79,250.52,102.8,129.77,37.16,3971.09,23.08,203.76
2021-03-30,119.9,152.76,252.01,102.78,128.68,38.21,3958.55,23.21,211.87
2021-03-31,122.15,154.7,254.72,103.43,127.29,37.99,3972.89,22.86,222.64
2021-04-01,123.0,158.05,252.96,106.89,127.26,39.7,4019.87,23.01,220.58
2021-04-05,125.9,161.34,259.36,111.28,129.84,41.7,4077.91,23.19,230.35
2021-04-06,126.21,161.19,255.17,111.24,128.2,41.52,4073.94,23.4,230.54
2021-04-07,127.9,163.97,252.58,112.48,128.88,41.09,4079.95,23.36,223.66
2021-04-08,130.36,164.97,254.95,113.27,129.06,42.14,4097.17,22.66,227.93
2021-04-09,133.0,168.61,252.36,114.29,129.64,41.77,4128.8,22.69,225.67
2021-04-12,131.24,168.97,249.52,112.74,128.56,41.16,4127.99,22.63,233.99
2021-04-13,134.43,170.0,253.27,113.36,125.3,40.99,4141.59,22.38,254.11
2021-04-14,132.03,166.65,252.43,112.74,126.68,41.26,4124.66,22.45,244.08
2021-04-15,134.5,168.95,251.11,114.83,126.64,39.69,4170.42,22.47,246.28
2021-04-16,134.16,169.97,248.18,114.89,127.6,40.26,4185.47,22.62,246.59
2021-04-19,134.84,168.6,244.15,115.12,127.15,39.75,4163.26,22.65,238.21
2021-04-20,133.11,166.73,234.06,114.68,131.97,39.55,4134.94,22.57,239.66
2021-04-21,133.5,168.1,235.92,114.66,137.11,41.2,4173.42,22.74,248.04
2021-04-22,131.94,165.45,234.33,113.4,134.95,40.75,4134.98,23.68,239.9
2021-04-23,134.32,167.04,238.38,115.77,136.04,41.51,4180.17,23.71,243.13
2021-04-26,134.72,170.45,241.44,116.34,135.22,41.47,4187.62,23.34,246.07
2021-04-27,134.39,170.87,242.47,115.36,135.64,42.2,4186.72,23.24,234.91
2021-04-28,133.58,172.93,235.46,119.0,136.59,42.02,4183.18,23.38,231.47
2021-04-29,133.48,173.57,235.94,121.49,137.77,40.42,4211.47,23.67,225.67
2021-04-30,131.46,173.37,234.31,120.51,135.52,40.72,4181.17,23.72,236.48
2021-05-03,132.54,169.32,235.19,119.76,138.26,41.26,4192.66,23.79,228.3
2021-05-04,127.85,165.59,233.63,117.71,139.22,40.51,4164.66,24.18,224.53
2021-05-05,128.1,163.53,228.18,117.84,138.71,41.75,4167.59,24.19,223.65
2021-05-06,129.74,165.32,229.81,119.07,141.77,38.91,4201.62,24.48,221.18
2021-05-07,130.21,164.58,235.47,119.93,138.94,39.92,4232.6,24.29,224.12
2021-05-10,126.85,159.52,232.93,117.08,139.62,39.46,4188.43,24.64,209.68
2021-05-11,125.91,161.2,228.88,115.44,137.75,38.76,4152.1,24.36,205.73
2021-05-12,122.77,157.6,220.78,111.95,134.96,37.14,4063.04,24.14,196.63
2021-05-13,124.97,158.07,222.64,113.1,137.71,37.47,4112.5,24.32,190.56
2021-05-14,127.45,161.15,228.47,115.81,138.19,39.11,4173.85,24.35,196.58
2021-05-17,126.27,163.52,227.98,116.07,138.6,38.75,4163.29,23.69,192.28
2021-05-18,124.85,161.61,227.55,115.17,137.46,39.48,4127.83,22.32,192.62
2021-05-19,124.69,161.59,224.42,115.44,136.77,39.28,4115.68,21.87,187.82
2021-05-20,127.31,162.38,227.65,117.8,137.43,39.91,4159.12,22.38,195.59
2021-05-21,125.43,160.15,234.82,117.26,138.25,39.7,4155.86,22.66,193.63
2021-05-24,127.1,162.25,237.44,120.33,138.23,41.74,4197.05,22.47,202.15
2021-05-25,126.9,162.95,240.74,120.45,137.34,42.21,4188.13,22.29,201.56
2021-05-26,126.85,163.26,241.37,121.68,136.95,42.86,4195.99,22.32,206.38
2021-05-27,125.28,161.51,250.7,120.13,137.37,43.79,4200.88,22.44,210.28
2021-05-28,124.61,161.15,247.02,120.58,137.3,42.87,4204.11,22.22,208.41
2021-06-01,124.28,160.93,254.73,121.49,137.73,43.39,4202.04,22.14,207.97
2021-06-02,125.06,161.7,255.62,121.06,139.19,43.23,4208.12,22.36,201.71
2021-06-03,123.54,159.35,250.32,120.23,139.02,42.55,4192.85,22.07,190.95
2021-06-04,125.89,160.31,249.92,122.59,140.81,42.77,4229.89,22.1,199.68
2021-06-07,125.9,159.9,252.66,123.3,141.38,43.41,4226.52,21.96,201.71
2021-06-08,126.74,163.21,252.76,124.14,142.39,44.16,4227.26,21.89,201.2
2021-06-09,127.13,164.06,248.06,124.57,143.91,43.54,4219.55,21.91,199.59
2021-06-10,126.11,167.48,248.34,126.08,143.79,42.67,4239.18,22.04,203.37
2021-06-11,127.35,167.34,247.28,125.7,144.5,43.21,4247.44,22.14,203.3
2021-06-14,130.48,169.19,245.14,126.35,143.3,42.22,4255.15,21.97,205.9
2021-06-15,129.64,169.16,246.54,126.03,142.66,42.24,4246.59,22.11,199.79
2021-06-16,130.15,170.76,242.27,125.7,141.2,42.1,4223.7,21.95,201.62
2021-06-17,131.79,174.46,239.22,126.37,139.07,41.37,4221.86,21.7,205.53
2021-06-18,130.46,174.35,237.35,125.57,136.7,40.86,4166.45,21.64,207.77
2021-06-21,132.3,172.7,245.28,126.46,140.07,42.09,4224.79,21.85,206.94
2021-06-22,133.98,175.27,243.78,127.0,139.8,42.3,4246.44,21.73,207.9
2021-06-23,133.7,175.19,243.57,126.46,138.13,43.12,4241.84,21.64,218.86
2021-06-24,133.41,172.45,250.57,127.28,138.92,44.06,4266.49,21.74,226.61
2021-06-25,133.11,170.07,248.38,127.0,140.26,43.89,4280.7,21.82,223.96
2021-06-28,134.78,172.19,239.96,126.82,138.78,42.39,4290.61,21.73,229.57
2021-06-29,136.33,172.41,235.76,126.02,139.02,42.19,4291.8,21.64,226.92
2021-06-30,136.96,172.01,239.56,125.32,140.02,42.65,4297.5,21.73,226.57
2021-07-01,137.27,171.65,239.73,126.37,140.26,43.52,4319.94,21.98,225.97
2021-07-02,139.96,175.55,236.68,128.72,133.74,43.25,4352.34,22.07,226.3
2021-07-06,142.02,183.79,236.14,129.77,132.56,41.25,4343.54,21.92,219.86
2021-07-07,144.57,184.83,231.78,130.08,133.55,40.36,4358.13,21.85,214.88
2021-07-08,143.24,186.57,236.77,129.18,134.43,40.31,4320.82,21.28,217.6
2021-07-09,145.11,185.97,239.59,129.57,135.17,41.6,4369.55,21.48,218.98
2021-07-12,144.5,185.93,238.29,130.56,134.6,41.53,4384.63,21.51,228.57
2021-07-13,145.64,183.87,228.2,130.99,133.99,40.65,4369.21,21.35,222.85
2021-07-14,149.15,184.08,224.45,132.08,133.55,39.97,4374.3,21.34,217.79
2021-07-15,148.48,181.56,222.76,131.27,134.15,39.2,4360.03,21.47,216.87
2021-07-16,146.39,178.68,217.74,131.85,132.67,37.93,4327.16,21.4,214.74
2021-07-19,142.45,177.48,206.99,129.25,131.74,36.63,4258.49,20.99,215.41
2021-07-20,146.15,178.66,217.15,131.1,133.69,38.39,4323.06,21.08,220.17
2021-07-21,145.4,179.26,222.54,132.6,134.96,39.86,4358.69,21.07,218.43
2021-07-22,146.8,181.9,220.87,133.33,134.4,39.23,4367.48,21.15,216.42
2021-07-23,148.56,182.83,221.52,137.82,135.0,38.76,4411.79,21.26,214.46
2021-07-26,148.99,184.99,225.85,139.64,136.37,39.19,4422.3,21.28,219.21
2021-07-27,146.77,181.32,222.27,136.8,136.35,38.04,4401.46,21.3,214.93
2021-07-28,144.98,181.52,231.57,136.38,135.41,38.4,4400.64,21.15,215.66
2021-07-29,145.64,180.0,231.63,136.54,135.57,38.17,4419.15,21.36,225.78
2021-07-30,145.86,166.38,226.48,135.22,134.64,37.53,4395.26,21.18,229.07
2021-08-02,145.52,166.57,225.34,135.99,135.08,37.37,4387.16,21.23,236.56
2021-08-03,147.36,168.31,229.09,136.28,137.61,36.95,4423.15,21.29,236.58
2021-08-04,146.95,167.74,226.63,136.03,136.36,37.27,4402.66,21.03,236.97
2021-08-05,147.06,168.8,229.94,136.94,136.37,39.67,4429.1,21.1,238.21
2021-08-06,146.14,167.25,231.33,137.04,137.63,39.81,4436.52,21.11,233.03
2021-08-09,146.09,167.09,232.27,138.0,134.92,39.21,4432.35,21.03,237.92
2021-08-10,145.6,166.03,235.78,138.1,135.04,39.72,4436.75,21.21,236.66
2021-08-11,145.86,164.61,239.49,137.69,135.76,40.56,4447.7,21.27,235.94
2021-08-12,148.89,165.18,238.18,138.39,136.66,40.71,4460.83,21.16,240.75
2021-08-13,149.1,164.7,234.46,138.41,136.76,40.41,4468.0,21.29,239.06
2021-08-16,151.12,164.95,229.06,138.92,137.15,39.42,4479.71,21.3,228.72
2021-08-17,150.19,162.1,222.22,137.3,136.03,37.93,4448.08,21.29,221.9
2021-08-18,146.36,160.06,219.0,136.57,133.22,38.64,4400.27,21.02,229.66
2021-08-19,146.7,159.39,212.16,136.91,131.83,37.66,4405.8,20.79,224.49
2021-08-20,148.19,160.0,212.67,138.44,132.87,38.4,4441.67,20.82,226.75
2021-08-23,149.71,163.29,219.4,141.1,133.36,39.52,4479.53,20.78,235.43
2021-08-24,149.62,165.29,221.43,142.4,133.57,40.91,4486.23,20.73,236.16
2021-08-25,148.36,164.96,221.03,142.95,133.59,42.13,4496.19,20.71,237.07
2021-08-26,147.54,165.8,216.5,142.12,132.56,41.98,4470.0,20.4,233.72
2021-08-27,148.6,167.48,221.75,144.55,133.16,43.32,4509.37,20.49,237.31
2021-08-30,153.12,171.08,217.66,145.47,132.74,42.66,4528.79,20.56,243.64
2021-08-31,151.83,173.54,219.5,145.46,134.05,42.62,4522.68,20.71,245.24
2021-09-01,152.51,173.95,218.12,145.84,133.05,42.2,4524.09,20.53,244.7
2021-09-02,153.65,173.16,220.83,144.22,133.73,42.56,4536.95,20.87,244.13
2021-09-03,154.3,173.9,218.17,144.78,133.32,42.54,4535.43,20.81,244.52
2021-09-07,156.69,175.46,214.24,145.52,131.87,43.44,4520.03,20.71,250.97
2021-09-08,155.11,176.28,211.38,144.88,132.45,42.44,4514.07,20.84,251.29
2021-09-09,154.07,174.21,213.94,144.91,131.56,42.76,4493.28,20.71,251.62
2021-09-10,148.97,173.46,210.3,141.92,130.88,42.29,4458.58,20.53,245.42
2021-09-13,149.55,172.86,214.48,143.47,131.96,43.1,4468.73,20.78,247.67
2021-09-14,148.12,172.5,211.57,143.41,130.11,41.41,4443.05,20.64,248.16
2021-09-15,149.03,173.79,214.22,145.21,131.05,40.38,4480.7,20.82,251.94
2021-09-16,148.79,174.41,213.36,144.37,130.31,41.3,4473.75,20.84,252.33
2021-09-17,146.06,173.13,213.36,141.46,129.17,41.54,4432.99,20.79,253.16
2021-09-20,142.94,167.79,209.5,139.02,128.29,41.28,4357.73,20.55,243.39
2021-09-21,143.43,167.18,208.51,139.65,127.01,40.55,4354.19,20.36,246.46
2021-09-22,145.85,169.0,216.98,140.94,128.59,43.02,4395.64,20.4,250.65
2021-09-23,146.83,170.8,221.1,141.83,130.6,44.65,4448.98,20.53,251.21
2021-09-24,146.92,171.28,221.39,142.63,131.33,44.62,4455.48,20.49,258.13
2021-09-27,145.37,170.29,224.16,141.5,132.35,45.09,4443.11,20.69,263.79
2021-09-28,141.91,165.8,218.41,136.18,131.31,44.88,4352.63,20.57,259.19
2021-09-29,142.83,165.06,225.36,134.52,132.94,43.85,4359.46,20.69,260.44
2021-09-30,141.5,164.25,219.94,133.27,132.7,43.15,4307.54,20.4,258.49
2021-10-01,142.65,164.16,226.0,136.46,136.89,44.86,4357.04,20.51,258.41
2021-10-04,139.14,159.49,223.79,133.77,137.65,44.51,4300.46,20.58,260.51
2021-10-05,141.11,161.05,224.42,136.18,136.73,44.96,4345.72,20.65,260.2
2021-10-06,142.0,163.1,224.99,137.35,135.98,44.64,4363.55,20.62,260.92
2021-10-07,143.29,165.12,226.48,139.19,135.45,44.77,4399.76,20.46,264.54
2021-10-08,142.9,164.43,226.39,140.06,136.8,44.43,4391.34,20.22,261.83
2021-10-11,142.81,162.32,226.45,138.85,136.04,44.42,4361.19,19.66,263.98
2021-10-12,141.51,162.37,223.57,136.71,134.17,48.69,4350.65,19.2,268.57
2021-10-13,140.91,164.21,221.78,137.9,134.45,48.15,4363.8,19.11,270.36
2021-10-14,143.76,164.99,217.44,141.41,136.96,48.44,4438.26,19.35,272.77
2021-10-15,144.84,170.45,217.04,141.68,138.13,47.95,4471.37,19.41,281.01
2021-10-18,146.55,172.34,216.98,142.96,135.94,48.24,4486.46,19.13,290.04
2021-10-19,148.76,172.21,215.97,143.82,135.61,47.47,4519.63,19.32,288.09
2021-10-20,149.26,170.75,216.17,142.42,135.54,47.07,4536.19,19.57,288.6
2021-10-21,149.48,171.75,214.34,142.78,122.58,48.09,4549.78,19.45,298.0
2021-10-22,148.69,166.78,212.97,138.63,122.15,48.03,4544.9,19.25,303.23
2021-10-25,148.64,166.02,212.87,138.77,121.92,48.15,4566.48,19.36,341.62
2021-10-26,149.32,168.8,209.81,139.67,121.43,47.24,4574.79,19.16,339.48
2021-10-27,148.85,169.62,206.61,146.43,119.56,47.02,4551.68,18.92,345.95
2021-10-28,152.57,172.33,207.85,146.13,120.2,46.97,4596.42,19.29,359.01
2021-10-29,149.8,168.62,207.03,148.27,119.49,47.16,4605.38,19.08,371.33
2021-11-01,148.96,165.91,214.58,143.77,120.62,48.47,4613.67,19.16,402.86
2021-11-02,150.02,165.64,212.77,145.86,120.52,47.88,4630.65,19.05,390.67
2021-11-03,151.49,169.2,213.38,146.79,121.43,48.7,4660.57,19.02,404.62
2021-11-04,150.96,173.85,213.03,148.68,120.85,47.4,4680.06,18.73,409.97
2021-11-05,151.28,175.95,224.46,149.24,123.61,50.37,4697.53,18.95,407.36
2021-11-08,150.44,174.45,222.68,149.35,124.54,48.54,4701.7,18.79,387.65
2021-11-09,150.81,178.81,220.79,149.25,120.85,47.33,4685.25,18.66,341.17
2021-11-10,147.92,174.1,218.5,146.63,120.22,46.06,4646.71,18.84,355.98
2021-11-11,147.87,173.63,219.38,146.75,120.27,45.42,4649.27,18.82,354.5
2021-11-12,149.99,176.26,220.96,149.65,118.96,45.09,4682.85,18.83,344.47
2021-11-15,150.0,177.28,233.09,149.39,118.87,45.82,4682.8,18.73,337.8
2021-11-16,151.0,177.04,225.8,149.08,118.46,45.65,4700.9,18.62,351.58
2021-11-17,153.49,177.45,226.62,149.06,118.06,45.51,4688.67,18.62,363.0
2021-11-18,157.87,184.8,227.25,150.71,116.66,44.33,4704.54,18.42,365.46
2021-11-19,160.55,183.83,214.13,149.95,116.05,44.28,4697.96,18.22,379.02
2021-11-22,161.02,178.63,209.9,147.08,116.47,44.54,4682.94,18.65,385.62
2021-11-23,161.41,179.0,209.13,146.76,116.79,42.51,4690.7,18.7,369.68
2021-11-24,161.94,179.02,210.6,146.72,116.73,42.83,4701.46,18.48,372.0
2021-11-26,156.81,175.23,199.21,142.81,115.81,41.85,4594.62,18.29,360.64
2021-11-29,160.24,178.08,198.5,146.11,118.5,41.13,4655.27,18.04,379.0
2021-11-30,165.3,175.35,197.85,142.45,117.1,39.58,4567.0,17.24,381.59
2021-12-01,164.77,172.19,188.19,141.62,116.92,38.3,4513.04,16.79,365.0
2021-12-02,163.76,171.87,202.38,143.78,116.9,41.23,4577.1,17.41,361.53
2021-12-03,161.84,169.49,198.49,142.52,118.84,40.17,4538.43,17.72,338.32
2021-12-06,165.32,171.37,205.88,143.8,119.91,42.21,4591.67,17.58,336.34
2021-12-07,171.18,176.16,208.83,148.04,121.58,42.74,4686.75,17.43,350.58
2021-12-08,175.08,176.16,211.03,148.72,123.02,42.89,4701.21,17.5,356.32
2021-12-09,174.56,174.17,207.56,148.11,123.57,42.21,4667.45,17.32,334.6
2021-12-10,179.45,172.21,205.06,148.68,124.09,41.41,4712.02,17.25,339.01
2021-12-13,175.74,169.57,197.4,146.7,122.58,40.34,4668.97,16.95,322.14
2021-12-14,174.33,169.09,195.5,144.97,123.76,41.23,4634.09,16.83,319.5
2021-12-15,179.3,173.32,195.43,147.37,123.11,41.37,4709.85,16.74,325.33
2021-12-16,172.26,168.87,190.79,144.84,125.93,40.8,4668.67,17.91,308.97
2021-12-17,171.14,170.02,192.63,142.8,127.4,42.28,4620.64,17.96,310.86
2021-12-20,169.75,167.08,188.48,142.4,127.06,42.07,4568.02,18.27,299.98
2021-12-21,172.99,170.42,199.52,144.22,128.97,44.81,4649.23,18.48,312.84
2021-12-22,175.64,171.04,201.69,146.95,129.75,45.28,4696.56,18.71,336.29
2021-12-23,176.28,171.07,204.22,147.14,130.63,45.74,4725.79,18.78,355.67
2021-12-27,180.33,169.67,203.17,148.06,131.62,45.21,4791.19,18.71,364.65
2021-12-28,179.29,170.66,206.13,146.45,132.63,44.22,4786.35,18.74,362.82
2021-12-29,179.38,169.2,203.66,146.5,133.35,44.49,4793.06,18.61,362.06
2021-12-30,178.2,168.64,202.71,146.0,133.91,44.76,4778.73,18.71,356.78
2021-12-31,177.57,166.72,201.32,144.68,133.66,44.88,4766.18,18.58,352.26
2022-01-03,182.01,170.4,207.86,145.07,136.04,45.48,4796.56,19.2,399.93
2022-01-04,179.7,167.52,213.63,144.42,138.02,45.39,4793.54,19.36,383.2
2022-01-05,174.92,164.36,213.07,137.65,138.22,43.04,4700.58,19.79,362.71
2022-01-06,172.0,163.25,211.34,137.55,135.34,44.32,4696.05,19.72,354.9
2022-01-07,172.17,162.55,215.5,137.0,134.83,44.53,4677.03,19.85,342.32
2022-01-10,172.19,161.49,209.31,138.57,135.03,43.62,4670.29,19.98,352.71
2022-01-11,175.08,165.36,216.02,140.02,132.87,44.95,4713.07,19.89,354.8
2022-01-12,175.53,165.21,217.45,141.65,133.59,44.8,4726.35,19.97,368.74
2022-01-13,172.19,161.21,223.9,139.13,134.76,44.25,4659.03,20.24,343.85
2022-01-14,173.07,162.14,225.96,139.79,134.21,44.47,4662.85,20.53,349.87
2022-01-18,169.8,158.92,225.01,136.29,132.94,43.83,4577.11,20.62,343.5
2022-01-19,166.23,156.3,217.08,135.65,131.58,42.21,4532.76,20.6,331.88
2022-01-20,164.51,151.67,214.19,133.51,130.82,41.55,4482.73,20.4,332.09
2022-01-21,162.41,142.64,205.44,130.09,129.35,40.96,4397.94,20.1,314.63
2022-01-24,161.62,144.54,204.2,130.37,128.82,41.89,4410.13,19.89,310.0
2022-01-25,159.78,139.99,204.1,126.74,136.1,41.98,4356.45,20.0,306.13
2022-01-26,159.69,138.87,194.27,129.24,134.26,41.68,4349.93,18.31,312.47
2022-01-27,159.22,139.64,189.75,129.12,132.52,40.62,4326.51,18.21,276.37
2022-01-28,170.33,143.98,190.57,133.29,134.5,41.63,4431.85,19.04,282.12
2022-01-31,174.78,149.57,200.24,135.7,133.57,42.72,4515.55,19.26,312.24
2022-02-01,174.61,151.19,208.34,137.88,135.53,44.16,4546.54,18.44,310.42
2022-02-02,175.84,150.61,207.52,148.04,137.25,43.64,4589.38,18.53,301.89
2022-02-03,172.9,138.85,206.39,142.65,137.78,42.98,4477.44,18.55,297.05
2022-02-04,172.39,157.64,206.45,143.02,137.15,44.54,4500.53,18.18,307.77
2022-02-07,171.66,157.94,211.92,138.94,137.24,45.61,4483.87,18.07,302.45
2022-02-08,174.83,161.41,213.27,139.21,137.02,47.2,4521.54,18.08,307.33
2022-02-09,176.28,161.19,215.86,141.45,137.79,48.52,4587.18,18.5,310.67
2022-02-10,172.12,159.0,218.75,138.6,133.52,47.07,4504.08,18.31,301.52
2022-02-11,168.64,153.29,212.3,134.13,132.69,45.46,4418.64,18.22,286.67
2022-02-14,168.88,155.17,210.04,135.3,130.15,44.65,4401.67,18.16,291.92
2022-02-15,172.79,156.51,217.73,136.43,129.94,45.08,4471.07,18.38,307.48
2022-02-16,172.55,158.1,218.93,137.49,129.18,45.17,4475.01,18.08,307.8
2022-02-17,168.88,154.65,213.58,132.31,124.97,43.68,4380.26,17.94,292.12
2022-02-18,167.3,152.6,209.03,130.47,124.35,43.56,4348.87,18.03,285.66
2022-02-22,164.32,150.2,198.74,129.4,123.92,43.23,4304.76,17.94,273.84
2022-02-23,160.07,144.83,196.42,127.59,122.07,42.48,4225.5,17.75,254.68
2022-02-24,162.74,151.36,198.43,132.67,121.97,43.51,4288.7,17.54,266.92
2022-02-25,164.85,153.79,201.48,134.52,124.18,45.12,4384.65,18.06,269.96
2022-02-28,165.12,153.56,205.34,134.89,122.51,44.29,4373.94,17.89,290.14
2022-03-01,163.2,151.14,194.91,134.17,121.35,41.92,4306.26,17.77,288.12
2022-03-02,166.56,152.05,197.81,134.75,123.86,43.73,4386.54,17.99,293.3
2022-03-03,166.23,147.9,188.85,134.31,125.93,43.35,4363.49,18.06,279.76
2022-03-04,163.17,145.64,180.84,132.12,126.62,41.54,4328.87,18.03,279.43
2022-03-07,159.3,137.45,169.17,126.46,126.07,37.48,4201.09,17.8,268.19
2022-03-08,157.44,136.01,173.8,127.28,125.68,37.63,4170.7,17.37,274.8
2022-03-09,162.95,139.28,178.56,133.87,126.22,40.28,4277.88,17.57,286.32
2022-03-10,158.52,146.82,178.39,132.68,124.35,40.89,4259.52,17.51,279.43
2022-03-11,154.73,145.52,176.23,130.48,123.96,40.11,4204.31,17.51,265.12
2022-03-14,150.62,141.85,175.52,126.74,123.94,38.8,4173.11,17.29,255.46
2022-03-15,155.09,147.37,179.89,129.66,125.64,40.09,4262.45,17.44,267.3
2022-03-16,159.59,153.1,188.99,133.69,127.04,42.17,4357.86,17.51,280.08
2022-03-17,160.62,157.24,190.19,134.6,127.96,41.94,4411.67,17.51,290.53
2022-03-18,163.98,161.25,192.83,136.8,128.76,42.17,4463.12,17.54,301.8
2022-03-21,165.38,161.49,185.9,136.48,128.1,41.83,4461.18,17.49,307.05
2022-03-22,168.82,164.89,191.04,140.28,129.06,41.97,4511.61,17.53,331.33
2022-03-23,170.21,163.41,186.04,138.5,128.3,41.41,4456.24,17.53,333.04
2022-03-24,174.07,163.65,189.05,141.31,129.25,42.16,4520.16,17.62,337.97
2022-03-25,174.72,164.77,188.95,141.52,131.35,42.2,4543.06,18.0,336.88
2022-03-28,175.6,168.99,188.16,141.95,131.47,42.19,4575.52,18.03,363.95
2022-03-29,178.96,169.32,193.8,143.25,131.94,43.61,4631.6,18.12,366.52
2022-03-30,177.77,166.3,194.91,142.64,132.13,43.16,4602.45,18.23,364.66
2022-03-31,174.61,163.0,191.5,139.65,130.02,41.94,4530.41,17.84,359.2
2022-04-01,174.31,163.56,190.76,140.7,130.15,41.87,4545.86,18.11,361.53
2022-04-04,178.44,168.35,191.18,143.64,130.27,42.5,4582.64,18.26,381.82
2022-04-05,175.06,164.06,182.65,141.06,128.89,41.66,4525.12,18.04,363.75
2022-04-06,171.83,158.76,178.72,137.18,129.39,39.74,4481.15,18.15,348.59
2022-04-07,172.14,157.78,177.97,136.47,128.55,39.18,4500.21,17.92,352.42
2022-04-08,170.09,154.46,175.2,134.01,127.73,39.2,4488.28,18.23,341.83
2022-04-11,165.75,151.12,175.03,129.8,126.37,39.51,4412.53,19.63,325.31
2022-04-12,167.66,150.79,176.28,128.37,125.98,39.55,4397.45,19.56,328.98
2022-04-13,170.4,155.54,182.87,130.29,126.14,41.28,4446.59,19.42,340.79
2022-04-14,165.29,151.71,181.94,127.25,126.56,41.6,4392.59,19.54,328.33
2022-04-18,165.07,152.79,179.85,127.96,126.17,41.16,4391.69,19.46,334.76
2022-04-19,167.4,158.12,185.98,130.53,129.15,42.77,4462.21,19.49,342.72
2022-04-20,167.23,154.0,183.55,128.25,138.32,43.35,4459.45,19.43,325.73
2022-04-21,166.42,148.3,181.02,124.94,139.85,42.17,4393.66,20.21,336.26
2022-04-22,161.79,144.35,176.92,119.61,138.25,41.08,4271.78,19.52,335.02
2022-04-25,162.88,146.07,175.91,123.25,139.1,42.03,4296.12,19.51,332.67
2022-04-26,156.8,139.39,167.04,119.51,136.19,40.35,4175.2,19.3,292.14
2022-04-27,156.57,138.17,154.46,115.02,135.06,40.34,4183.96,19.07,293.84
2022-04-28,163.64,144.6,154.22,119.41,135.74,42.11,4287.5,19.42,292.5
2022-04-29,157.65,124.28,148.84,114.97,132.21,41.04,4131.93,18.86,290.25
2022-05-02,157.96,124.5,148.61,117.16,133.04,41.97,4155.38,19.12,300.98
2022-05-03,159.48,124.25,153.58,118.13,132.52,40.85,4175.48,19.33,303.08
2022-05-04,166.02,125.93,156.97,122.58,137.4,41.03,4300.17,19.95,317.54
2022-05-05,156.77,116.41,150.47,116.75,135.92,39.3,4146.87,19.95,291.09
2022-05-06,157.28,114.77,148.9,115.66,137.67,38.31,4123.34,20.03,288.55
2022-05-09,152.06,108.79,133.31,113.08,134.44,35.14,3991.24,19.55,262.37
2022-05-10,154.51,108.86,132.95,114.58,129.13,36.2,4001.05,19.36,266.68
2022-05-11,146.5,105.37,129.39,113.96,130.75,35.07,3935.18,19.43,244.67
2022-05-12,142.56,106.93,123.14,113.16,132.9,34.52,3930.08,19.72,242.67
2022-05-13,147.11,113.06,127.2,116.52,133.6,36.15,4023.89,19.84,256.53
2022-05-16,145.54,110.81,124.05,114.79,135.03,35.07,4008.01,20.28,241.46
2022-05-17,149.24,115.37,132.05,116.7,138.37,35.69,4088.85,20.57,253.87
2022-05-18,140.82,107.11,125.52,112.4,132.94,33.0,3923.68,20.23,236.6
2022-05-19,137.35,107.32,127.14,110.75,129.66,33.65,3900.79,20.21,236.47
2022-05-20,137.59,107.59,120.7,109.31,128.48,34.37,3901.36,20.4,221.3
2022-05-23,143.11,107.56,124.07,111.67,131.17,33.61,3973.75,20.74,224.97
2022-05-24,140.36,104.1,119.4,105.93,133.8,31.11,3941.48,21.16,209.39
2022-05-25,140.52,106.78,122.06,105.84,134.39,32.09,3978.73,21.3,219.6
2022-05-26,143.78,111.08,127.73,108.3,136.89,34.48,4057.84,21.32,235.91
2022-05-27,149.64,115.15,132.23,112.8,139.27,34.89,4158.24,21.29,253.21
2022-05-31,148.84,120.21,131.4,114.04,138.84,34.97,4132.15,21.29,252.75
2022-06-01,148.71,121.68,130.65,114.14,139.43,34.19,4101.23,21.22,246.79
2022-06-02,151.21,125.51,140.5,117.75,140.15,35.13,4176.82,21.19,258.33
2022-06-03,145.38,122.35,139.25,114.56,141.18,34.71,4108.54,20.9,234.52
2022-06-06,146.14,124.79,139.24,117.01,142.88,35.31,4121.43,20.94,238.28
2022-06-07,148.71,123.0,140.82,117.23,142.78,35.49,4160.68,21.14,238.89
2022-06-08,147.96,121.18,139.63,117.24,140.83,35.4,4115.77,21.05,241.87
2022-06-09,142.64,116.15,133.73,114.92,137.96,34.32,4017.82,20.88,239.71
2022-06-10,137.13,109.65,127.0,111.43,136.19,31.78,3900.86,20.69,232.23
2022-06-13,131.88,103.67,115.86,106.88,135.11,28.63,3749.63,19.76,215.74
2022-06-14,132.76,102.31,122.16,107.19,135.72,29.4,3735.48,19.45,220.89
2022-06-15,135.43,107.67,133.72,110.39,137.06,30.06,3789.99,19.44,233.0
2022-06-16,130.06,103.66,133.36,106.64,135.67,27.39,3666.77,18.96,213.1
2022-06-17,131.56,106.22,136.8,107.87,135.02,27.95,3674.84,19.38,216.76
2022-06-21,135.87,108.68,136.75,112.02,137.85,27.67,3764.79,19.96,237.04
2022-06-22,135.35,108.95,137.16,112.03,137.08,27.33,3759.89,20.32,236.09
2022-06-23,138.27,112.44,133.97,112.68,138.44,27.17,3795.73,20.61,235.07
2022-06-24,141.66,116.46,141.53,118.54,142.06,30.24,3911.74,20.99,245.71
2022-06-27,141.66,113.22,138.72,116.62,142.8,30.03,3900.11,20.78,244.92
2022-06-28,137.44,107.4,138.7,112.57,141.86,29.88,3821.55,20.61,232.66
2022-06-29,139.23,108.92,138.45,112.26,140.71,29.17,3818.83,20.95,228.49
2022-06-30,136.72,106.21,136.72,109.37,141.19,28.95,3785.38,20.96,224.47
2022-07-01,138.93,109.56,139.84,109.08,141.12,30.0,3825.33,21.31,227.26
2022-07-05,141.56,113.5,137.7,113.89,137.62,30.36,3831.39,21.17,233.07
2022-07-06,142.92,114.33,136.31,115.21,138.08,29.54,3845.08,21.09,231.73
2022-07-07,146.35,116.33,139.97,119.31,140.83,29.75,3902.62,21.15,244.54
2022-07-08,147.04,115.54,139.07,120.17,140.47,29.34,3899.38,20.8,250.76
2022-07-11,144.87,111.75,136.99,116.52,141.0,28.4,3854.43,20.66,234.34
2022-07-12,145.86,109.22,147.15,114.85,139.18,28.91,3818.8,20.6,233.07
2022-07-13,145.49,110.4,143.95,112.19,137.18,29.04,3801.78,20.45,237.04
2022-07-14,148.47,110.63,147.15,111.44,139.06,28.43,3790.38,20.33,238.31
2022-07-15,150.17,113.55,147.74,112.77,139.92,29.23,3863.16,20.57,240.07
2022-07-18,147.07,113.76,147.72,109.91,138.13,29.51,3830.85,20.53,240.55
2022-07-19,151.0,118.21,156.13,114.62,130.88,30.46,3936.69,20.8,245.53
2022-07-20,153.04,122.77,158.38,114.7,129.18,31.29,3959.9,20.48,247.5
2022-07-21,155.35,124.63,161.41,115.04,127.15,31.44,3998.95,18.92,271.71
2022-07-22,154.09,122.42,158.16,108.36,128.25,30.94,3961.63,18.4,272.24
2022-07-25,152.95,121.14,156.64,108.21,128.54,30.78,3966.84,18.53,268.43
2022-07-26,151.6,114.81,155.92,105.44,128.08,29.93,3921.05,18.3,258.86
2022-07-27,156.79,120.97,156.09,113.6,129.12,31.41,4023.61,18.39,274.82
2022-07-28,157.35,122.28,159.09,114.59,129.22,32.61,4072.43,18.58,280.9
2022-07-29,162.51,134.95,159.31,116.64,130.79,32.73,4130.29,18.78,297.15
2022-08-01,161.51,135.39,169.07,115.48,132.04,32.84,4118.63,18.73,297.28
2022-08-02,160.01,134.16,163.28,115.9,131.81,33.06,4091.19,18.36,300.59
2022-08-03,166.13,139.52,166.64,118.78,132.34,34.2,4155.17,18.37,307.4
2022-08-04,165.81,142.57,166.5,118.87,131.64,35.45,4151.94,18.27,308.63
2022-08-05,165.35,140.8,165.04,118.22,132.48,34.71,4145.19,18.35,288.17
2022-08-08,164.87,139.41,165.89,118.14,132.61,34.5,4140.06,18.0,290.42
2022-08-09,164.92,137.83,164.85,117.5,129.47,33.92,4122.47,18.1,283.33
2022-08-10,169.24,142.69,169.02,120.65,131.5,34.48,4210.24,18.01,294.36
2022-08-11,168.49,140.64,167.88,119.82,132.54,34.91,4207.27,18.04,286.63
2022-08-12,172.1,143.55,169.99,122.65,134.01,35.6,4280.15,18.27,300.03
2022-08-15,173.19,143.18,170.47,122.88,134.93,35.54,4297.14,18.39,309.32
2022-08-16,173.03,144.78,172.08,122.51,136.56,36.17,4305.2,18.57,306.56
2022-08-17,174.55,142.1,167.2,120.32,137.79,35.01,4274.04,18.42,304.0
2022-08-18,174.15,142.3,168.69,120.86,139.07,35.62,4283.74,18.43,302.87
2022-08-19,171.52,138.23,162.92,118.12,138.37,34.73,4228.48,18.43,296.67
2022-08-22,167.57,133.22,158.98,115.07,135.55,33.77,4137.99,18.13,289.91
2022-08-23,167.23,133.62,160.07,114.77,134.74,34.3,4128.73,18.06,296.45
2022-08-24,167.53,133.8,163.6,114.7,133.23,34.67,4140.77,18.01,297.1
2022-08-25,170.03,137.28,169.38,117.7,133.98,35.22,4199.12,18.09,296.07
2022-08-26,163.62,130.75,164.53,111.3,130.38,33.58,4057.66,17.89,288.09
2022-08-29,161.38,129.79,165.42,110.34,130.31,33.75,4030.61,17.78,284.82
2022-08-30,158.91,128.73,162.21,109.91,129.58,32.96,3986.16,17.82,277.7
2022-08-31,157.22,126.77,160.25,109.15,128.45,32.64,3955.0,17.54,275.61
2022-09-01,157.96,127.82,153.66,110.55,129.66,32.45,3966.85,17.5,277.16
2022-09-02,155.81,127.51,151.82,108.68,127.79,32.86,3924.26,17.19,270.21
2022-09-06,154.53,126.11,152.39,107.48,126.72,32.77,3908.19,16.79,274.42
2022-09-07,155.96,129.48,155.95,110.48,127.71,33.59,3979.87,16.87,283.7
2022-09-08,154.46,129.82,157.79,109.42,128.47,34.06,4006.18,16.77,289.26
2022-09-09,157.37,133.27,157.52,111.78,129.19,35.06,4067.36,17.03,299.68
2022-09-12,163.43,136.45,158.72,111.87,130.66,36.05,4110.41,17.38,304.42
2022-09-13,153.84,126.82,147.31,105.31,127.25,33.87,3932.69,16.83,292.13
2022-09-14,155.31,128.55,149.26,105.87,127.69,34.02,3946.01,16.77,302.61
2022-09-15,152.37,126.28,149.78,103.9,125.49,34.43,3901.35,16.76,303.75
2022-09-16,150.7,123.53,144.29,103.63,127.27,33.36,3873.33,16.74,303.35
2022-09-19,154.48,124.66,144.88,103.85,127.73,34.36,3899.89,16.76,309.07
2022-09-20,156.9,122.19,145.94,101.83,126.3,34.57,3855.93,16.56,308.73
2022-09-21,153.72,118.54,143.29,100.01,124.93,32.78,3789.93,16.25,300.8
2022-09-22,152.74,117.31,138.71,100.57,125.31,30.61,3757.99,16.24,288.59
2022-09-23,150.43,113.78,131.26,99.17,122.71,30.05,3693.23,16.01,275.33
2022-09-26,150.77,115.15,127.34,98.81,122.01,29.99,3655.04,15.67,276.01
2022-09-27,151.76,114.41,127.51,98.09,121.74,29.98,3647.29,15.73,282.94
2022-09-28,149.84,118.01,133.44,100.74,122.76,30.62,3719.04,15.83,287.81
2022-09-29,142.48,114.8,125.33,98.09,121.63,29.99,3640.47,15.53,268.21
2022-09-30,138.2,113.0,121.08,96.15,118.81,29.72,3585.62,15.34,265.25
2022-10-03,142.45,115.88,126.05,99.3,121.51,30.61,3678.43,15.9,242.4
2022-10-04,146.1,121.09,133.51,102.41,125.5,32.88,3790.93,16.09,249.44
2022-10-05,146.4,120.95,132.11,102.22,125.74,33.58,3783.28,15.93,240.81
2022-10-06,145.43,120.3,132.2,102.24,122.23,33.32,3744.52,15.32,238.13
2022-10-07,140.09,114.56,129.79,99.57,118.82,32.68,3639.66,14.94,223.07
2022-10-10,140.42,113.67,131.9,98.71,117.75,31.42,3612.39,14.9,222.96
2022-10-11,138.98,112.21,131.57,98.05,117.8,30.56,3588.84,14.81,216.5
2022-10-12,138.34,112.9,130.42,98.3,117.57,30.89,3577.03,14.63,217.24
2022-10-13,142.99,112.53,132.4,99.71,121.79,30.72,3669.91,15.12,221.72
2022-10-14,138.38,106.9,133.15,97.18,120.04,30.64,3583.07,14.99,204.99
2022-10-17,142.41,113.79,136.09,100.78,121.52,32.25,3677.95,15.31,219.35
2022-10-18,143.75,116.36,137.34,101.39,122.94,32.57,3719.98,15.6,220.19
2022-10-19,143.86,115.07,138.39,100.29,122.51,32.46,3695.16,15.54,222.04
2022-10-20,143.39,115.25,139.13,100.53,128.3,32.46,3665.78,16.74,207.28
2022-10-21,147.27,119.32,141.32,101.48,129.9,33.92,3752.75,17.1,214.44
2022-10-24,149.45,119.82,142.05,102.97,132.69,33.97,3797.34,17.51,211.25
2022-10-25,152.34,120.6,146.65,104.93,132.93,34.19,3859.11,17.69,222.42
2022-10-26,149.35,115.66,133.79,94.82,135.01,34.33,3830.6,18.14,224.64
2022-10-27,144.8,110.96,139.76,92.6,134.77,34.5,3807.3,18.03,225.09
2022-10-28,155.74,103.41,143.84,96.58,138.51,35.96,3901.06,18.48,228.52
2022-10-31,153.34,102.44,142.51,94.66,138.29,35.57,3871.98,18.23,227.54
2022-11-01,150.65,96.79,143.38,90.5,138.2,35.94,3856.1,18.35,227.82
2022-11-02,145.03,92.12,147.41,87.07,136.83,35.11,3759.69,18.43,214.98
2022-11-03,138.88,89.3,156.75,83.49,134.47,31.41,3719.89,18.17,215.31
2022-11-04,138.38,90.98,160.01,86.7,136.96,33.84,3770.55,18.32,207.47
2022-11-07,138.92,90.53,164.91,88.65,138.34,34.19,3806.8,18.36,197.08
2022-11-08,139.5,89.98,169.62,88.91,140.04,34.49,3828.11,18.57,191.3
2022-11-09,134.87,86.14,168.74,87.4,137.39,33.56,3748.57,18.38,177.59
2022-11-10,146.87,96.63,177.58,94.17,141.23,35.31,3956.37,18.84,190.72
2022-11-11,149.7,100.79,177.49,96.73,143.17,36.63,3992.93,19.05,195.97
2022-11-14,148.28,98.49,173.55,96.03,144.2,36.95,3957.25,19.06,190.95
2022-11-15,150.04,98.94,175.35,98.72,144.34,37.49,3991.73,19.02,194.42
2022-11-16,148.79,97.12,172.69,98.99,144.52,37.02,3958.79,18.93,186.92
2022-11-17,150.72,94.85,172.78,98.5,146.09,37.04,3946.56,18.95,183.17
2022-11-18,151.29,94.14,173.89,97.8,147.64,36.74,3965.34,18.97,180.19
2022-11-21,148.01,92.46,172.94,95.83,146.68,35.76,3949.94,18.84,167.87
2022-11-22,150.18,93.2,172.5,97.33,149.1,35.47,4003.58,19.0,169.91
2022-11-23,151.07,94.13,174.85,98.82,148.75,35.88,4027.26,19.09,183.2
2022-11-25,148.11,93.41,178.36,97.6,148.37,35.73,4026.12,19.12,182.86
2022-11-28,144.22,93.95,171.83,96.25,146.18,34.92,3963.94,18.82,182.92
2022-11-29,141.17,92.42,175.32,95.44,146.49,35.86,3957.63,19.01,180.83
2022-11-30,148.03,96.54,178.88,101.45,148.9,36.86,4080.11,19.28,194.7
2022-12-01,148.31,95.5,175.78,101.28,149.16,37.27,4076.57,19.19,194.7
2022-12-02,147.81,94.13,182.87,100.83,148.67,37.08,4071.7,19.02,194.86
2022-12-05,146.63,91.01,185.1,99.87,147.41,37.8,3998.84,18.75,182.45
2022-12-06,142.91,88.25,178.43,97.31,147.5,37.32,3941.26,19.17,179.82
2022-12-07,140.94,88.46,176.5,95.15,147.27,36.38,3933.92,19.3,174.04
2022-12-08,142.65,90.35,179.08,93.95,147.78,37.01,3963.51,19.12,173.44
2022-12-09,142.16,89.09,179.54,93.07,147.05,36.35,3934.38,19.09,179.05
2022-12-12,144.49,90.55,186.27,93.56,149.21,36.9,3990.56,19.3,167.82
2022-12-13,145.47,92.49,187.13,95.85,150.57,37.46,4019.65,19.12,160.95
2022-12-14,143.21,91.58,188.25,95.31,149.86,36.93,3995.32,18.9,156.8
2022-12-15,136.5,88.45,183.72,91.2,142.36,36.22,3895.75,18.47,157.67
2022-12-16,134.51,87.86,184.7,90.86,140.16,35.66,3852.36,18.49,150.23
2022-12-19,132.37,84.92,185.68,89.15,138.87,34.22,3817.66,17.86,149.87
2022-12-20,132.3,85.19,188.29,89.63,141.28,34.37,3821.62,18.07,137.8
2022-12-21,135.45,86.77,196.0,90.25,142.14,34.57,3878.44,18.15,137.57
2022-12-22,132.23,83.79,188.25,88.26,140.88,33.75,3822.39,18.27,125.35
2022-12-23,131.86,85.25,189.06,89.81,141.65,33.82,3844.82,18.31,123.15
2022-12-27,130.03,83.04,189.4,87.93,142.42,33.87,3829.25,18.46,109.1
2022-12-28,126.04,81.82,188.38,86.46,140.02,32.43,3783.22,18.22,112.71
2022-12-29,129.61,84.18,188.91,88.95,141.06,33.26,3849.28,18.45,121.82
2022-12-30,129.93,84.0,190.49,88.73,140.89,33.53,3839.5,18.41,123.18
2023-01-03,125.07,85.82,195.39,89.7,141.55,33.28,3824.14,18.74,108.1
2023-01-04,126.36,85.14,203.64,88.71,142.6,35.54,3852.97,19.14,113.64
2023-01-05,125.02,83.12,204.99,86.77,141.11,35.15,3808.1,19.21,110.34
2023-01-06,129.62,86.08,213.0,88.16,143.7,37.2,3895.08,19.53,113.06
2023-01-09,130.15,87.36,208.57,88.8,143.55,37.64,3892.09,19.04,119.77
2023-01-10,130.73,89.87,206.69,89.24,144.8,38.85,3919.25,19.47,118.85
2023-01-11,133.49,95.09,208.03,92.26,145.26,38.58,3969.61,19.41,123.22
2023-01-12,133.41,95.27,214.32,91.91,145.55,38.93,3983.17,19.41,123.56
2023-01-13,134.76,98.12,214.13,92.8,145.89,39.54,3999.09,19.55,122.4
2023-01-17,135.94,96.05,211.41,92.16,145.19,38.97,3990.97,19.33,131.49
2023-01-18,135.21,95.46,209.41,91.78,140.41,38.28,3928.86,19.02,128.78
2023-01-19,135.27,93.68,207.09,93.91,140.62,38.16,3898.85,18.94,127.17
2023-01-20,137.87,97.25,206.76,99.28,141.2,39.05,3972.61,19.23,133.42
2023-01-23,141.11,97.52,209.97,101.21,141.86,39.9,4019.81,19.1,143.75
2023-01-24,142.53,96.32,211.98,99.21,141.49,40.28,4016.95,19.16,143.89
2023-01-25,141.86,97.18,212.68,96.73,140.76,40.28,4016.22,20.42,144.43
2023-01-26,143.96,99.22,212.73,99.16,134.45,40.91,4060.43,20.0,160.27
2023-01-27,145.93,102.24,211.17,100.71,134.39,41.01,4070.56,19.95,177.9
2023-01-30,143.0,100.55,209.67,97.95,135.3,39.86,4017.77,20.16,166.66
2023-01-31,144.29,103.13,213.0,99.87,134.73,41.41,4076.6,20.37,173.22
2023-02-01,145.43,105.15,214.75,101.43,135.09,41.91,4119.21,20.18,181.41
2023-02-02,150.82,112.91,209.34,108.8,136.39,41.39,4179.76,20.28,188.27
2023-02-03,154.5,103.39,206.01,105.22,136.94,41.71,4136.48,19.83,189.98
2023-02-06,151.73,102.18,206.81,103.47,136.18,41.24,4111.08,19.58,194.76
2023-02-07,154.65,102.11,214.76,108.04,135.84,41.99,4164.0,19.25,196.81
2023-02-08,151.92,100.05,213.5,100.0,135.98,41.43,4117.86,19.16,201.29
2023-02-09,150.87,98.24,211.99,95.46,133.75,44.1,4081.5,18.97,207.32
2023-02-10,151.01,97.61,212.89,94.86,135.6,43.83,4090.46,19.07,196.89
2023-02-13,153.85,99.54,215.65,95.0,137.35,44.12,4137.29,19.26,194.64
2023-02-14,153.2,99.7,218.45,94.95,136.01,44.14,4136.13,19.15,209.25
2023-02-15,155.33,101.16,217.44,97.1,136.4,44.18,4147.6,19.25,214.24
2023-02-16,153.71,98.15,212.21,95.78,135.0,44.2,4090.41,19.26,202.04
2023-02-17,152.55,97.2,211.66,94.59,135.02,43.56,4079.09,19.44,208.31
2023-02-21,148.48,94.58,205.52,92.05,131.71,42.98,3997.34,19.21,197.37
2023-02-22,148.91,95.79,205.76,91.8,130.97,43.27,3991.05,19.38,200.86
2023-02-23,149.4,95.82,208.13,91.07,130.79,43.15,4012.32,19.35,202.07
2023-02-24,146.71,93.5,198.15,89.35,130.57,42.6,3970.04,19.24,196.88
2023-02-27,147.92,93.76,200.46,90.1,130.49,42.84,3982.24,19.03,207.63
2023-02-28,147.41,94.23,201.55,90.3,129.3,43.01,3970.15,18.91,205.71
2023-03-01,145.31,92.17,204.55,90.51,128.19,44.38,3951.39,18.66,202.77
2023-03-02,145.91,92.13,210.06,92.31,128.93,45.27,3981.35,18.66,190.9
2023-03-03,151.03,94.9,215.11,94.02,129.64,45.91,4045.64,18.81,197.79
2023-03-06,153.83,93.75,211.92,95.58,130.19,45.29,4048.42,18.77,193.81
2023-03-07,151.6,93.55,207.92,94.17,128.25,44.82,3986.37,18.71,187.71
2023-03-08,152.87,93.92,207.2,94.65,128.05,45.18,3992.01,18.61,182.0
2023-03-09,150.59,92.25,201.24,92.66,126.16,43.18,3918.32,18.32,172.92
2023-03-10,148.5,90.73,203.07,91.01,125.45,42.68,3861.59,18.43,173.44
2023-03-13,150.47,92.43,203.37,91.66,125.58,41.74,3855.76,18.3,174.48
2023-03-14,152.59,94.88,207.28,94.25,124.65,42.33,3919.29,18.44,183.26
2023-03-15,152.99,96.2,198.21,96.55,123.28,41.04,3891.93,18.31,180.45
2023-03-16,155.85,100.04,203.19,101.07,124.7,41.95,3960.28,18.39,184.13
2023-03-17,155.0,98.95,201.05,102.46,123.69,41.25,3916.64,18.13,180.13
2023-03-20,157.4,97.71,204.77,101.93,125.94,41.79,3951.57,18.49,183.25
2023-03-21,159.28,100.61,204.7,105.84,126.57,42.68,4002.87,18.54,197.58
2023-03-22,157.83,98.7,196.16,104.22,124.05,41.59,3936.97,18.39,191.15
2023-03-23,158.93,98.71,197.9,106.26,123.37,41.23,3948.72,18.46,192.22
2023-03-24,160.25,98.13,197.53,106.06,125.29,41.11,3970.99,18.61,190.41
2023-03-27,158.28,98.04,200.57,103.06,129.31,41.73,3977.53,18.87,191.81
2023-03-28,157.65,97.24,204.96,101.36,129.34,41.81,3971.27,18.72,189.19
2023-03-29,160.77,100.25,207.97,101.9,129.71,43.08,4027.81,19.0,193.88
2023-03-30,162.36,102.0,211.04,101.32,129.22,43.33,4050.83,19.08,195.28
2023-03-31,164.9,103.29,212.43,104.0,131.09,44.42,4109.31,19.25,207.46
2023-04-03,166.17,102.41,215.39,104.91,132.06,44.25,4124.51,19.39,194.77
2023-04-04,165.63,103.95,213.9,105.12,131.6,44.03,4100.6,19.64,192.58
2023-04-05,163.76,101.1,210.0,104.95,132.14,43.18,4090.38,19.88,185.52
2023-04-06,164.66,102.06,211.37,108.9,130.5,42.98,4105.02,19.65,185.06
2023-04-10,162.03,102.17,210.78,106.95,131.03,43.18,4109.11,19.57,184.51
2023-04-11,160.8,99.92,212.32,106.12,130.42,43.36,4108.94,19.69,186.79
2023-04-12,160.1,97.83,212.34,105.22,128.54,42.98,4091.95,19.77,180.54
2023-04-13,165.56,102.4,213.59,108.19,127.9,43.6,4146.22,19.96,185.9
2023-04-14,165.21,102.51,201.71,109.46,128.14,43.55,4137.64,19.93,185.0
2023-04-17,165.23,102.74,205.03,106.42,127.82,43.88,4151.32,19.79,187.04
2023-04-18,166.47,102.3,208.37,105.12,127.78,44.59,4154.87,19.82,184.31
2023-04-19,167.63,104.3,208.71,105.02,126.32,44.64,4154.52,19.7,180.59
2023-04-20,166.65,103.81,207.23,105.9,126.36,44.6,4129.79,17.65,162.99
2023-04-21,165.02,106.96,205.15,105.91,125.73,44.88,4133.52,18.22,165.08
2023-04-24,165.33,106.21,205.77,106.78,125.4,44.75,4137.04,17.53,162.55
2023-04-25,163.77,102.57,202.19,104.61,125.89,43.44,4071.63,17.51,160.67
2023-04-26,163.76,104.98,203.03,104.45,125.85,42.37,4055.99,17.2,153.75
2023-04-27,168.41,109.82,206.04,108.37,126.97,43.39,4135.35,17.61,160.19
2023-04-28,169.68,105.45,206.78,108.22,126.41,44.92,4169.48,17.67,164.31
2023-05-01,169.59,102.05,203.87,107.71,126.09,46.04,4167.87,17.5,161.83
2023-05-02,168.54,103.63,203.25,105.98,125.16,45.95,4119.58,17.07,160.31
2023-05-03,167.45,103.65,200.93,106.12,123.45,43.74,4090.75,17.09,160.61
2023-05-04,165.79,104.0,197.05,105.21,122.57,42.81,4061.22,16.91,161.2
2023-05-05,173.57,105.66,198.34,106.22,123.65,43.14,4136.25,17.13,170.06
2023-05-08,173.5,105.83,197.26,108.24,123.4,43.44,4138.12,17.12,171.79
2023-05-09,171.77,106.62,201.88,107.94,121.17,43.39,4119.17,17.02,169.15
2023-05-10,173.56,110.19,200.84,112.28,122.02,42.88,4137.64,17.04,168.54
2023-05-11,173.75,112.18,201.84,116.9,120.9,42.52,4130.62,16.96,172.08
2023-05-12,172.57,110.26,200.7,117.92,122.84,41.97,4124.08,17.03,167.98
2023-05-15,172.07,111.2,202.77,116.96,123.36,42.69,4136.28,16.95,166.35
2023-05-16,172.07,113.4,200.87,120.09,123.46,41.15,4109.9,16.53,166.52
2023-05-17,172.69,115.5,206.87,121.48,125.71,42.19,4158.77,16.66,173.86
2023-05-18,175.05,118.15,207.24,123.52,126.15,42.94,4198.05,16.55,176.89
2023-05-19,,,205.49,,,,,,
2023-05-22,174.2,115.01,205.91,125.87,127.5,42.33,4192.63,16.38,188.87
2023-05-23,171.56,114.99,202.6,123.29,128.18,40.17,4145.58,16.1,185.77
2023-05-24,171.84,116.75,199.27,121.64,125.68,39.83,4115.24,15.95,182.9
2023-05-25,172.99,115.0,200.87,124.35,126.76,39.96,4151.28,15.15,184.47
2023-05-26,175.43,120.11,203.63,125.43,128.89,40.39,4205.45,15.5,193.17
2023-05-30,177.3,121.66,204.69,124.64,129.48,39.64,4205.52,15.64,201.16
2023-05-31,177.25,120.58,205.7,123.37,128.59,39.29,4179.83,15.73,203.93
2023-06-01,180.09,122.77,207.96,124.37,129.82,39.12,4221.02,15.81,207.52
2023-06-02,180.95,124.25,213.32,125.23,132.42,40.71,4282.37,15.21,213.97
2023-06-05,179.58,125.3,208.78,126.63,132.64,40.76,4273.79,15.39,217.61
2023-06-06,179.21,126.61,207.29,127.91,132.69,41.31,4283.85,15.67,221.31
2023-06-07,177.82,121.23,211.93,122.94,134.38,41.53,4267.52,16.1,224.57
2023-06-08,180.57,124.25,218.11,122.67,134.41,41.57,4293.93,16.07,234.86
2023-06-09,180.96,123.43,217.31,122.87,135.3,41.33,4298.86,15.95,244.4
2023-06-12,183.79,126.57,221.56,124.35,136.42,42.8,4338.93,15.93,249.83
2023-06-13,183.31,126.66,220.38,124.43,137.6,44.23,4369.01,15.82,258.71
2023-06-14,183.95,126.42,216.9,124.38,137.2,43.84,4372.59,15.84,256.79
2023-06-15,186.01,127.11,219.41,125.79,138.4,43.72,4425.84,16.03,255.9
2023-06-16,184.92,125.49,219.99,124.06,137.48,42.64,4409.59,16.06,260.54
2023-06-20,185.01,125.78,212.37,123.85,135.96,43.06,4388.71,15.78,274.45
2023-06-21,183.96,124.83,212.08,121.26,133.69,42.93,4365.69,15.61,259.46
2023-06-22,187.0,130.15,205.61,123.87,131.17,42.5,4381.89,15.58,264.61
2023-06-23,186.68,129.33,205.41,123.02,129.43,41.38,4348.33,15.45,256.6
2023-06-26,185.27,127.33,205.58,119.09,131.34,41.75,4328.82,15.63,241.05
2023-06-27,188.06,129.18,209.43,119.01,132.34,42.44,4378.41,15.84,250.21
2023-06-28,189.25,129.04,210.72,121.08,131.76,42.36,4376.86,15.78,256.24
2023-06-29,189.59,127.9,211.83,120.01,134.06,43.01,4396.44,15.98,257.5
2023-06-30,193.97,130.36,211.16,120.97,133.81,43.92,4450.38,15.95,261.77
2023-07-03,192.46,130.22,210.92,120.56,133.67,43.8,4455.59,16.12,279.82
2023-07-05,191.33,130.38,213.31,122.63,134.24,42.49,4446.82,16.07,282.48
2023-07-06,191.81,128.36,212.62,120.93,132.16,42.09,4411.59,15.87,276.54
2023-07-07,190.68,129.78,212.1,120.14,132.08,43.09,4398.95,15.61,274.43
2023-07-10,188.61,127.13,213.31,116.87,132.9,45.5,4409.53,15.27,269.61
2023-07-11,188.08,128.78,218.76,117.71,134.44,46.62,4439.26,15.23,269.79
2023-07-12,189.77,130.8,217.11,119.62,132.84,47.06,4472.16,15.12,271.99
2023-07-13,190.54,134.3,216.85,124.83,133.92,48.99,4510.04,15.12,277.9
2023-07-14,190.69,134.68,213.12,125.7,133.4,48.26,4505.42,14.5,281.38
2023-07-17,193.99,133.56,211.87,125.06,134.24,48.19,4522.79,13.53,290.38
2023-07-18,193.73,132.83,211.57,124.08,135.36,49.89,4554.98,13.45,293.34
2023-07-19,195.1,135.36,208.6,122.78,135.48,49.93,4565.72,14.59,291.26
2023-07-20,193.13,129.96,213.61,119.53,138.38,49.75,4534.87,14.66,262.9
2023-07-21,191.94,130.0,211.8,120.31,138.94,49.62,4536.34,14.76,260.02
2023-07-24,192.75,128.8,215.87,121.88,139.54,49.0,4554.64,14.95,269.06
2023-07-25,193.62,129.13,214.12,122.79,140.33,49.71,4567.46,14.8,265.28
2023-07-26,194.5,128.15,232.8,129.66,141.07,50.17,4566.75,14.89,264.35
2023-07-27,193.22,128.25,233.75,129.87,142.97,50.09,4537.41,14.51,255.71
2023-07-28,195.83,132.21,238.69,133.01,143.45,50.9,4582.23,14.45,266.44
2023-07-31,196.45,133.68,238.85,133.11,144.18,50.77,4588.96,14.52,267.43
2023-08-01,195.61,131.69,238.01,131.89,143.33,50.03,4576.73,14.3,261.07
2023-08-02,192.58,128.21,231.38,128.64,144.17,49.26,4513.39,14.35,254.11
2023-08-03,191.17,128.91,231.36,128.77,144.45,45.76,4501.89,14.09,259.32
2023-08-04,181.99,139.57,231.36,128.54,144.24,44.99,4478.03,14.0,253.86
2023-08-07,178.85,142.22,238.25,131.94,146.18,45.7,4518.44,14.01,251.45
2023-08-08,179.8,139.94,238.04,131.84,145.91,45.99,4499.38,14.18,249.7
2023-08-09,178.19,137.85,237.86,130.15,142.49,45.75,4467.71,14.27,242.19
2023-08-10,177.97,138.56,238.26,130.21,143.25,46.48,4468.83,14.17,245.34
2023-08-11,177.79,138.41,235.72,130.17,143.12,45.83,4464.05,14.37,242.65
2023-08-14,179.46,140.57,236.71,131.83,141.91,45.66,4489.72,14.26,239.76
2023-08-15,177.45,137.67,232.26,130.27,141.87,44.18,4437.86,14.14,232.96
2023-08-16,176.57,135.07,229.95,129.11,140.64,43.73,4404.33,14.1,225.6
2023-08-17,174.0,133.98,224.54,130.46,140.66,42.55,4370.36,14.01,219.22
2023-08-18,174.49,133.22,226.65,128.11,141.41,42.54,4369.71,14.05,215.49
2023-08-21,175.84,134.68,227.22,128.93,142.28,42.29,4399.77,14.1,231.28
2023-08-22,177.23,134.25,230.07,129.69,141.49,42.64,4387.55,14.26,233.19
2023-08-23,181.12,135.52,228.58,133.21,143.41,43.09,4436.01,14.16,236.86
2023-08-24,176.38,131.84,217.31,130.42,143.55,42.4,4376.31,14.15,230.04
2023-08-25,178.61,133.26,223.41,130.69,145.35,42.17,4405.71,14.11,238.59
2023-08-28,180.19,133.14,227.06,131.79,146.02,43.13,4433.31,14.21,238.82
2023-08-29,184.12,134.91,227.25,135.49,146.45,43.58,4497.63,14.77,257.18
2023-08-30,187.65,135.07,228.85,136.93,146.86,44.03,4514.87,14.73,256.9
2023-08-31,187.87,138.01,224.03,137.35,146.83,43.98,4507.66,14.79,258.08
2023-09-01,189.46,138.12,223.4,136.8,147.94,44.35,4515.77,14.65,245.01
2023-09-05,189.7,137.27,222.57,136.71,148.13,43.22,4496.83,14.48,256.49
2023-09-06,182.91,135.36,217.95,135.37,148.06,43.47,4465.48,14.61,251.92
2023-09-07,177.56,137.85,216.05,136.2,147.52,43.4,4451.14,14.61,251.49
2023-09-08,178.18,138.23,211.27,137.2,147.68,43.74,4457.49,14.4,248.5
2023-09-11,179.36,143.1,211.01,137.74,148.38,42.7,4487.46,14.52,273.58
2023-09-12,176.3,141.23,210.65,136.07,146.3,41.99,4461.9,14.46,267.48
2023-09-13,174.21,144.85,208.4,137.5,146.55,41.47,4467.44,14.62,271.3
2023-09-14,175.74,144.72,209.05,138.99,147.35,41.58,4505.1,15.06,276.04
2023-09-15,175.01,140.39,208.11,138.3,145.99,41.08,4450.32,15.23,274.39
2023-09-18,177.97,139.98,205.12,138.96,145.09,40.29,4453.53,15.09,265.28
2023-09-19,179.07,137.63,204.48,138.83,146.52,39.2,4443.95,15.21,266.5
2023-09-20,175.49,135.29,202.37,134.59,149.83,38.77,4402.2,15.55,262.59
2023-09-21,173.93,129.33,199.95,131.36,147.38,37.03,4330.0,15.31,255.7
2023-09-22,174.79,129.12,197.71,131.25,146.91,36.54,4320.06,15.12,244.88
2023-09-25,176.08,131.27,198.78,132.17,146.48,36.86,4337.44,15.06,246.99
2023-09-26,171.96,125.98,195.64,129.45,143.24,36.85,4273.53,15.02,244.12
2023-09-27,170.43,125.98,195.46,131.46,143.17,36.49,4274.51,14.87,240.5
2023-09-28,170.69,125.98,190.43,133.13,141.58,36.64,4299.7,15.01,246.38
2023-09-29,171.21,127.12,191.68,131.85,140.3,36.76,4288.05,15.02,250.22
2023-10-02,173.75,129.46,187.83,135.17,140.8,36.79,4288.39,14.67,251.6
2023-10-03,172.4,124.72,188.92,133.3,140.39,35.72,4229.45,14.78,246.53
2023-10-04,173.66,127.0,186.73,136.27,141.07,35.16,4263.75,14.65,261.16
2023-10-05,174.91,125.96,186.29,135.99,141.52,34.79,4258.19,14.83,260.05
2023-10-06,177.49,127.96,187.38,138.73,142.03,36.48,4308.5,14.45,260.53
2023-10-09,178.99,128.26,188.49,139.5,142.2,37.18,4335.66,14.73,259.67
2023-10-10,178.39,129.48,193.53,139.2,142.11,37.39,4358.24,14.96,263.62
2023-10-11,179.8,131.83,196.07,141.7,143.23,38.01,4376.95,14.77,262.99
2023-10-12,180.71,132.33,191.3,140.29,141.24,37.16,4349.61,14.45,258.87
2023-10-13,178.85,129.79,184.91,138.58,138.46,36.44,4327.78,14.36,251.12
2023-10-16,178.72,132.55,184.93,140.49,139.21,36.95,4373.63,14.41,253.92
2023-10-17,177.15,131.47,185.6,140.99,140.32,36.84,4373.2,14.58,254.85
2023-10-18,175.84,128.13,185.69,139.28,139.97,35.63,4314.6,14.32,242.68
2023-10-19,175.46,128.4,182.79,138.98,138.01,35.99,4278.0,15.26,220.11
2023-10-20,172.88,125.17,180.04,136.74,137.16,35.25,4224.16,15.38,211.99
2023-10-23,173.0,126.56,181.03,137.9,136.38,36.64,4217.04,14.95,212.08
2023-10-24,173.44,128.56,182.36,140.12,137.79,36.66,4247.68,15.53,216.52
2023-10-25,171.1,121.39,177.73,126.67,137.08,34.63,4186.77,15.19,212.42
2023-10-26,166.89,119.57,179.09,123.44,143.76,34.84,4137.23,15.12,205.76
2023-10-27,168.22,127.74,179.69,123.4,142.52,34.23,4117.37,14.82,207.3
2023-10-30,170.29,132.71,182.35,125.75,142.63,34.83,4166.82,15.26,197.36
2023-10-31,170.77,133.09,186.82,125.3,144.64,34.92,4193.8,15.4,200.84
2023-11-01,173.97,137.0,189.38,127.57,145.4,34.97,4237.86,15.58,205.66
2023-11-02,177.57,138.07,192.01,128.58,147.01,36.25,4317.78,15.73,218.51
2023-11-03,176.65,138.6,195.05,130.37,147.9,38.16,4358.34,15.88,219.96
2023-11-06,179.23,139.74,192.95,131.45,148.97,38.28,4365.98,15.75,219.27
2023-11-07,181.82,142.71,191.41,132.4,148.83,38.27,4378.38,15.84,222.18
2023-11-08,182.89,142.08,191.83,133.26,148.03,38.65,4382.78,15.65,222.11
2023-11-09,182.41,140.6,193.33,131.69,146.62,38.21,4347.35,15.63,209.98
2023-11-10,186.4,143.56,196.65,134.06,149.02,38.74,4415.24,15.64,214.65
2023-11-13,184.8,142.59,204.54,133.64,148.1,37.94,4411.55,15.58,223.71
2023-11-14,187.44,145.8,207.47,135.43,150.41,40.26,4495.7,15.63,237.41
2023-11-15,188.01,143.2,208.71,136.38,152.58,40.63,4502.88,15.76,242.84
2023-11-16,189.71,142.83,206.6,138.7,153.06,40.21,4508.24,15.88,233.59
2023-11-17,189.69,145.18,208.04,136.94,152.89,39.8,4514.02,15.9,234.3
2023-11-20,191.45,146.13,217.71,137.92,154.35,40.31,4547.38,16.1,235.6
2023-11-21,190.64,143.9,218.27,138.62,153.91,39.86,4538.19,16.19,241.2
2023-11-22,191.31,146.71,219.91,140.02,155.13,40.35,4556.62,16.17,234.21
2023-11-24,189.97,146.74,220.0,138.22,155.18,40.22,4559.34,16.21,235.45
2023-11-27,189.79,147.73,219.3,138.05,155.57,40.05,4550.43,16.21,236.08
2023-11-28,190.4,147.03,222.37,138.62,155.65,39.73,4554.89,16.18,246.72
2023-11-29,189.37,146.32,224.43,136.4,156.41,39.43,4550.58,16.3,244.14
2023-11-30,189.95,146.09,231.63,133.92,158.56,39.44,4567.8,16.57,240.08
2023-12-01,191.24,147.03,233.87,133.32,160.55,40.84,4594.63,16.76,238.83
2023-12-04,189.43,144.84,234.87,130.63,161.1,40.35,4569.78,16.66,235.58
2023-12-05,193.42,146.88,234.16,132.39,161.39,39.13,4567.18,17.22,238.72
2023-12-06,192.32,144.52,236.89,131.43,160.28,39.37,4549.34,16.94,239.37
2023-12-07,194.27,146.88,237.33,138.45,160.22,39.81,4585.59,17.09,242.64
2023-12-08,195.71,147.42,244.7,136.64,161.96,41.42,4604.37,16.92,243.84
2023-12-11,193.18,145.89,248.08,134.7,163.51,43.54,4622.44,16.62,239.74
2023-12-12,194.71,147.48,248.63,133.64,164.71,43.37,4643.7,16.41,237.01
2023-12-13,197.96,148.84,250.91,133.97,163.62,43.75,4707.09,16.45,239.29
2023-12-14,198.11,147.42,256.24,133.2,162.91,44.66,4719.55,16.65,251.05
2023-12-15,197.57,149.97,264.27,133.84,162.23,43.1,4719.19,16.52,253.5
2023-12-18,195.89,154.07,260.41,137.19,162.74,43.54,4740.56,16.46,252.08
2023-12-19,196.94,153.79,263.51,138.1,161.56,45.02,4768.37,16.61,257.22
2023-12-20,194.83,152.12,260.25,139.66,160.05,43.49,4698.35,16.4,247.14
2023-12-21,194.68,153.84,262.02,141.8,160.78,44.49,4746.75,16.49,254.5
2023-12-22,193.6,153.42,260.44,142.72,162.14,44.38,4754.63,16.55,252.54
2023-12-26,193.05,153.41,262.79,142.82,163.21,44.66,4774.75,16.57,256.61
2023-12-27,193.15,153.34,262.1,141.44,163.46,44.79,4781.58,16.58,261.44
2023-12-28,193.58,153.38,260.35,141.28,163.75,45.05,4783.35,16.74,253.18
2023-12-29,192.53,151.94,260.66,140.93,163.55,44.68,4769.83,16.78,248.48
2024-01-02,185.64,149.93,251.76,139.56,161.5,45.48,4742.83,17.25,248.42
2024-01-03,184.25,148.47,243.91,140.36,160.1,44.25,4704.81,17.23,238.45
2024-01-04,181.91,144.57,244.94,138.04,160.86,44.35,4688.68,17.15,237.93
2024-01-05,181.18,145.24,249.0,137.39,159.16,44.83,4697.24,17.47,237.49
2024-01-08,185.56,149.1,229.0,140.53,161.14,45.91,4763.54,17.32,240.45
2024-01-09,185.14,151.37,225.76,142.56,160.08,44.61,4756.5,16.95,234.96
2024-01-10,186.19,153.73,227.84,143.8,161.23,43.49,4783.45,16.87,233.94
2024-01-11,185.59,155.18,222.66,143.67,162.16,43.41,4780.24,16.23,227.22
2024-01-12,185.92,154.62,217.7,144.24,165.8,42.37,4783.83,16.48,218.89
2024-01-16,183.63,153.16,200.52,144.08,166.96,42.27,4765.98,16.44,219.91
2024-01-17,182.68,151.71,203.06,142.89,166.08,41.63,4739.21,16.41,215.55
2024-01-18,188.63,153.5,211.61,144.99,166.84,42.86,4780.94,16.4,211.88
2024-01-19,191.56,155.34,215.02,147.97,171.48,43.0,4839.81,16.67,212.19
2024-01-22,193.89,154.78,214.93,147.71,172.83,42.56,4850.43,16.8,208.8
2024-01-23,195.18,156.02,211.5,148.68,173.94,43.05,4864.6,17.19,209.14
2024-01-24,194.5,156.87,214.13,150.35,173.93,42.86,4868.55,16.68,207.83
2024-01-25,194.17,157.75,201.88,153.64,190.43,43.62,4894.16,17.18,182.63
2024-01-26,192.42,159.12,205.47,153.79,187.42,43.65,4890.97,17.29,183.25
2024-01-29,191.73,161.26,205.19,154.84,187.14,43.85,4927.93,17.25,190.93
2024-01-30,188.04,159.0,200.44,153.05,187.87,43.66,4924.97,17.53,191.59
2024-01-31,184.4,155.2,211.04,141.8,183.66,43.37,4845.65,17.69,187.29
2024-02-01,186.86,159.28,209.81,142.71,186.9,44.71,4906.19,18.04,188.86
2024-02-02,185.85,171.81,209.38,143.54,185.79,44.88,4958.61,17.83,187.91
2024-02-05,187.68,170.31,206.63,144.93,183.42,44.51,4942.81,17.73,181.06
2024-02-06,189.3,169.15,208.58,145.41,183.41,44.69,4954.23,17.61,185.1
2024-02-07,189.41,170.53,211.92,146.68,183.74,44.72,4995.06,17.33,187.58
2024-02-08,188.32,169.84,209.22,147.22,184.36,46.43,4997.91,16.82,189.56
2024-02-09,188.85,174.45,209.2,150.22,186.34,46.74,5026.61,16.84,193.57
2024-02-12,187.15,172.34,209.33,148.73,186.16,47.02,5021.84,17.02,188.13
2024-02-13,185.04,168.64,204.46,146.37,183.7,45.66,4953.17,16.9,184.02
2024-02-14,184.15,170.98,203.38,147.14,183.57,42.8,5000.62,16.91,188.71
2024-02-15,183.86,169.8,205.33,143.94,186.87,43.1,5029.73,17.09,200.45
2024-02-16,182.31,169.51,203.89,141.76,187.64,42.54,5005.57,16.97,199.95
2024-02-20,181.56,167.08,203.37,142.2,183.44,42.36,4975.51,16.91,193.76
2024-02-21,182.32,168.59,201.57,143.84,179.7,42.3,4981.8,17.0,194.77
2024-02-22,184.37,174.58,201.5,145.32,184.21,42.43,5087.03,16.59,197.41
2024-02-23,182.52,174.99,200.83,145.29,185.72,42.58,5088.8,16.8,191.97
2024-02-26,181.16,174.73,200.54,138.75,184.13,41.75,5069.53,16.6,199.4
2024-02-27,182.63,173.54,201.4,140.1,184.87,42.0,5078.18,16.83,199.73
2024-02-28,181.42,173.16,207.0,137.43,185.3,42.19,5069.76,16.96,202.04
2024-02-29,180.75,176.76,203.72,139.78,185.03,43.28,5096.27,16.93,201.88
2024-03-01,179.66,178.22,200.0,138.08,188.2,42.96,5137.08,16.98,202.64
2024-03-04,175.1,177.58,200.54,134.2,193.06,42.01,5130.95,16.8,188.14
2024-03-05,170.12,174.12,201.14,133.78,191.95,41.99,5078.65,17.17,180.74
2024-03-06,169.12,173.51,201.0,132.56,196.16,42.03,5104.76,17.18,176.54
2024-03-07,169.0,176.82,203.03,135.24,196.54,42.91,5157.36,17.05,178.65
2024-03-08,170.73,175.35,198.49,136.29,195.95,42.47,5123.69,17.2,175.34
2024-03-11,172.75,171.96,192.49,138.94,191.73,42.64,5117.94,17.33,177.77
2024-03-12,173.23,175.39,184.24,139.62,197.78,42.8,5175.27,17.2,177.54
2024-03-13,171.13,176.56,182.35,140.77,196.7,42.86,5165.31,17.19,169.48
2024-03-14,173.0,178.75,181.15,144.34,193.43,42.77,5150.48,17.01,162.5
2024-03-15,172.62,174.42,182.53,142.17,191.07,42.88,5117.09,17.05,163.57
2024-03-18,173.72,174.48,179.84,148.48,191.69,44.12,5149.42,17.3,173.8
2024-03-19,176.08,175.9,181.14,147.92,193.34,44.47,5178.51,17.17,171.32
2024-03-20,178.67,178.15,187.78,149.68,193.96,44.61,5224.62,17.21,175.66
2024-03-21,171.37,178.15,187.7,148.74,191.9,44.75,5241.53,17.16,172.82
2024-03-22,172.28,178.87,188.85,151.77,190.84,44.47,5234.18,16.98,170.83
2024-03-25,170.85,179.71,191.41,151.15,188.79,44.55,5218.19,17.12,172.63
2024-03-26,169.71,178.3,187.5,151.7,188.5,46.46,5203.58,17.18,177.67
2024-03-27,173.31,179.83,191.95,151.94,190.8,46.6,5248.49,17.55,179.83
2024-03-28,171.48,180.38,192.99,152.26,190.96,47.21,5254.35,17.6,175.79
2024-04-01,170.03,180.97,189.5,156.5,189.83,47.78,5243.77,17.5,175.22
2024-04-02,168.84,180.69,188.04,155.87,188.88,46.42,5205.81,17.52,166.63
2024-04-03,169.65,182.41,184.92,156.37,190.9,46.75,5211.49,17.61,168.38
2024-04-04,168.82,180.0,183.29,151.94,187.94,45.86,5147.21,17.57,171.11
2024-04-05,169.58,185.07,183.14,153.94,189.14,46.53,5204.34,17.42,164.9
2024-04-08,168.45,185.19,181.56,156.14,189.82,46.3,5202.39,17.25,172.98
2024-04-09,169.67,185.67,178.12,158.14,189.31,46.41,5209.91,16.9,176.88
2024-04-10,167.78,185.95,174.63,157.66,186.04,44.68,5160.64,16.73,171.76
2024-04-11,175.04,189.05,173.36,160.79,185.9,44.72,5199.06,16.42,174.6
2024-04-12,176.55,186.13,169.55,159.19,182.27,42.48,5123.41,16.31,171.05
2024-04-15,172.69,183.62,167.82,156.33,181.25,42.85,5061.82,16.24,161.48
2024-04-16,169.38,183.32,170.55,156.0,183.75,42.7,5051.41,16.09,157.11
2024-04-17,168.0,181.28,170.21,156.88,183.1,42.03,5022.21,16.12,155.45
2024-04-18,167.04,179.22,170.23,157.46,181.47,42.04,5011.12,16.33,149.93
2024-04-19,165.0,174.63,169.82,155.72,181.58,42.42,4967.23,16.51,147.05
2024-04-22,165.84,177.23,170.48,157.95,181.9,42.43,5010.6,16.31,142.05
2024-04-23,166.9,179.54,169.18,159.92,182.19,42.85,5070.55,16.5,144.68
2024-04-24,169.02,176.59,164.33,161.1,184.1,42.71,5071.63,16.81,162.13
2024-04-25,169.89,173.67,166.81,157.95,168.91,42.18,5048.42,16.58,170.18
2024-04-26,169.3,179.62,167.22,173.69,167.13,41.09,5099.96,16.75,168.29
2024-04-29,173.5,180.96,173.49,167.9,167.43,41.61,5116.17,17.02,194.05
2024-04-30,170.33,175.0,167.84,164.64,166.2,39.44,5035.69,16.89,183.28
2024-05-01,169.3,179.0,171.46,165.57,164.43,39.75,5018.39,16.92,179.99
2024-05-02,173.03,184.72,178.85,168.46,164.69,40.87,5064.2,16.82,180.01
2024-05-03,183.38,186.21,179.79,168.99,165.71,41.04,5127.79,16.85,181.19
2024-05-06,181.71,188.7,178.35,169.83,168.61,41.01,5180.74,16.99,184.76
2024-05-07,182.4,188.76,176.71,172.98,168.38,40.64,5187.7,17.08,177.81
2024-05-08,182.74,188.0,180.35,171.16,169.9,40.04,5187.67,17.11,174.72
2024-05-09,184.57,189.5,181.25,171.58,166.27,40.85,5214.08,17.18,171.97
2024-05-10,183.05,187.48,178.51,170.29,167.15,40.57,5222.68,17.17,168.47
2024-05-13,186.28,186.57,178.44,170.9,167.56,40.93,5221.42,17.26,171.89
2024-05-14,187.43,187.07,180.76,171.93,167.36,41.29,5246.68,17.3,177.55
2024-05-15,189.72,185.99,176.99,173.88,168.26,41.55,5308.15,17.33,173.99
2024-05-16,189.84,183.63,182.96,175.43,168.97,41.65,5297.1,17.3,174.84
2024-05-17,189.87,184.7,184.95,177.29,169.03,41.03,5303.27,17.4,177.46
2024-05-20,191.04,183.54,186.61,178.46,169.92,41.36,5308.13,17.52,174.95
