Date,Open,High,Low,Close,Volume
01-02-2019,20.41,21.01,19.92,20.67,"17,48,79,742"
01-03-2019,20.47,20.63,19.83,20.02,"10,44,77,755"
01-04-2019,20.4,21.2,20.18,21.18,"11,09,11,735"
01-07-2019,21.45,22.45,21.18,22.33,"11,32,68,370"
01-08-2019,22.8,22.93,21.8,22.36,"10,51,27,735"
01-09-2019,22.37,22.9,22.1,22.57,"8,14,94,171"
01-10-2019,22.29,23.03,22.12,23,"9,08,45,306"
01-11-2019,22.81,23.23,22.58,23.15,"7,55,85,777"
01/14/2019,22.83,22.83,22.27,22.29,"7,87,09,257"
01/15/2019,22.33,23.25,22.3,22.96,"9,08,48,846"
01/16/2019,22.99,23.47,22.9,23.07,"7,03,76,082"
01/17/2019,23.08,23.43,22.94,23.15,"5,51,50,993"
01/18/2019,21.53,21.81,19.98,20.15,"36,22,61,384"
01/22/2019,20.32,20.53,19.7,19.93,"18,10,01,092"
01/23/2019,19.5,19.63,18.78,19.17,"18,79,49,842"
01/24/2019,18.87,19.58,18.62,19.43,"12,01,82,320"
01/25/2019,19.63,19.9,19.3,19.8,"10,88,71,165"
01/28/2019,19.53,19.83,19.18,19.76,"9,63,49,181"
01/29/2019,19.68,19.9,19.45,19.83,"6,93,25,377"
01/30/2019,20.03,20.6,19.9,20.58,"16,87,54,793"
01/31/2019,20.07,20.77,19.6,20.47,"18,85,38,742"
02-01-2019,20.36,21.07,20.23,20.81,"10,92,51,610"
02-04-2019,20.87,21.02,20.13,20.86,"11,02,81,225"
02-05-2019,20.83,21.5,20.82,21.42,"10,11,41,471"
02-06-2019,21.31,21.62,21.04,21.15,"7,55,78,187"
02-07-2019,20.89,20.98,20.2,20.5,"9,78,09,161"
02-08-2019,20.46,20.5,19.9,20.39,"8,76,63,176"
02-11-2019,20.77,21.24,20.7,20.86,"10,69,45,690"
02-12-2019,21.08,21.21,20.64,20.79,"8,27,63,546"
02/13/2019,20.82,20.85,20.37,20.54,"7,71,24,252"
02/14/2019,20.23,20.45,20.07,20.25,"7,80,12,477"
02/15/2019,20.3,20.53,20.26,20.53,"5,85,74,202"
02/19/2019,20.44,20.77,20.36,20.38,"6,25,26,642"
02/20/2019,20.29,20.42,19.93,20.17,"10,71,31,750"
02/21/2019,20.12,20.22,19.37,19.42,"13,36,37,724"
02/22/2019,19.63,19.77,19.47,19.65,"8,61,08,366"
02/25/2019,19.86,20.19,19.8,19.92,"9,93,97,826"
02/26/2019,19.48,20.13,19.25,19.86,"12,87,38,034"
02/27/2019,20.12,21.09,20.04,20.98,"16,77,58,643"
02/28/2019,21.26,21.33,20.72,21.33,"15,78,09,743"
03-01-2019,20.46,20.48,19.46,19.65,"34,36,70,700"
03-04-2019,19.87,19.93,18.85,19.02,"25,64,52,289"
03-05-2019,18.8,18.93,18.01,18.44,"28,14,71,088"
03-06-2019,18.43,18.77,18.29,18.42,"15,50,32,343"
03-07-2019,18.59,18.98,18.28,18.44,"14,16,37,254"
03-08-2019,18.46,19.04,18.39,18.94,"13,22,94,369"
03-11-2019,18.9,19.42,18.7,19.39,"11,08,84,150"
03-12-2019,19.1,19.2,18.74,18.89,"11,25,62,050"
03/13/2019,18.93,19.47,18.85,19.26,"10,26,70,795"
03/14/2019,19.5,19.69,19.22,19.33,"10,65,51,700"
03/15/2019,18.9,18.91,18.29,18.36,"22,17,82,940"
03/18/2019,18.4,18.54,17.82,17.97,"15,42,14,693"
03/19/2019,17.83,18.22,17.56,17.83,"17,70,09,442"
03/20/2019,17.98,18.33,17.75,18.24,"10,36,23,355"
03/21/2019,18.17,18.43,17.9,18.27,"8,92,06,466"
03/22/2019,18.17,18.19,17.6,17.64,"13,11,84,129"
03/25/2019,17.31,17.55,16.96,17.36,"15,32,25,443"
03/26/2019,17.63,18.02,17.63,17.85,"11,02,64,215"
03/27/2019,17.92,18.36,17.88,18.32,"13,16,87,484"
03/28/2019,18.48,18.69,18.34,18.57,"10,16,11,391"
03/29/2019,18.58,18.68,18.3,18.66,"8,98,70,066"
04-01-2019,18.84,19.28,18.75,19.28,"12,16,56,580"
04-02-2019,19.22,19.3,18.93,19.06,"8,21,84,096"
04-03-2019,19.15,19.74,19.14,19.45,"11,89,47,955"
04-04-2019,17.46,18.08,17.37,17.85,"35,58,10,964"
04-05-2019,17.99,18.41,17.74,18.33,"19,55,73,891"
04-08-2019,18.51,18.74,18.03,18.21,"15,61,56,593"
04-09-2019,18.11,18.33,17.97,18.15,"8,85,60,461"
04-10-2019,18.45,18.56,18.19,18.4,"10,59,19,705"
04-11-2019,17.89,18.03,17.71,17.89,"14,75,38,899"
04-12-2019,18.01,18.13,17.79,17.85,"10,11,89,606"
04/15/2019,17.91,17.93,17.24,17.76,"15,05,78,693"
04/16/2019,17.72,18.33,17.65,18.22,"10,90,93,945"
04/17/2019,18.32,18.32,17.9,18.08,"7,68,97,017"
04/18/2019,18.08,18.32,17.98,18.22,"8,81,44,871"
04/22/2019,17.93,17.98,17.5,17.52,"18,22,07,092"
04/23/2019,17.34,17.71,17.05,17.59,"16,41,57,893"
04/24/2019,17.59,17.69,17.2,17.24,"16,09,11,743"
04/25/2019,17,17.27,16.4,16.51,"32,77,40,851"
04/26/2019,16.43,16.45,15.41,15.68,"33,54,10,680"
04/29/2019,15.72,16.27,15.48,16.1,"25,07,17,189"
04/30/2019,16.14,16.28,15.8,15.91,"14,19,69,414"
05-01-2019,15.92,16,15.43,15.6,"16,05,65,228"
05-02-2019,16.37,16.48,15.85,16.27,"27,23,90,088"
05-03-2019,16.26,17.11,16.23,17,"35,56,01,549"
05-06-2019,16.67,17.22,16.57,17.02,"16,25,09,093"
05-07-2019,17.12,17.15,16.34,16.47,"15,19,71,143"
05-08-2019,16.46,16.71,16.28,16.32,"9,26,46,596"
05-09-2019,16.13,16.25,15.8,16.13,"10,06,70,711"
05-10-2019,15.98,16.13,15.73,15.97,"10,51,25,035"
05/13/2019,15.47,15.5,14.97,15.13,"16,25,21,993"
05/14/2019,15.29,15.63,15.2,15.49,"10,87,86,175"
05/15/2019,15.29,15.5,15.02,15.46,"10,94,39,635"
05/16/2019,15.3,15.4,15.1,15.22,"11,22,49,090"
05/17/2019,14.8,14.82,13.93,14.07,"26,68,00,068"
05/20/2019,13.52,13.73,13.02,13.69,"30,78,92,971"
05/21/2019,13.18,13.83,13.07,13.67,"27,00,58,458"
05/22/2019,13.27,13.6,12.79,12.85,"28,02,77,853"
05/23/2019,12.96,13.3,12.41,13.03,"39,82,07,097"
05/24/2019,13.32,13.33,12.58,12.71,"21,20,48,541"
05/28/2019,12.75,13,12.52,12.58,"15,46,93,493"
05/29/2019,12.47,12.83,12.34,12.66,"17,95,29,592"
05/30/2019,12.58,12.82,12.47,12.55,"11,88,97,135"
05/31/2019,12.34,12.66,12.27,12.34,"15,61,00,943"
06-03-2019,12.37,12.45,11.8,11.93,"19,59,66,141"
06-04-2019,12.07,12.93,11.97,12.91,"20,71,12,791"
06-05-2019,13.25,13.42,12.79,13.11,"20,26,61,391"
06-06-2019,13.63,14.07,13.45,13.73,"30,36,32,267"
06-07-2019,13.67,14.06,13.57,13.63,"24,00,52,939"
06-10-2019,14.02,14.46,13.93,14.19,"15,87,75,593"
06-11-2019,14.61,14.73,14.23,14.47,"17,48,03,092"
06-12-2019,14.86,14.89,13.93,13.95,"22,79,63,090"
06/13/2019,14.03,14.33,13.83,14.26,"12,25,23,895"
06/14/2019,14.08,14.44,14.03,14.33,"11,15,01,025"
06/17/2019,14.37,15.13,14.28,15,"18,47,51,992"
06/18/2019,15.25,15.65,14.84,14.98,"19,07,36,842"
06/19/2019,15.01,15.18,14.74,15.1,"9,86,27,021"
06/20/2019,14.87,15.13,14.42,14.64,"17,79,51,892"
06/21/2019,14.41,14.81,14.37,14.79,"12,30,31,150"
06/24/2019,14.88,15.06,14.73,14.91,"8,62,61,561"
06/25/2019,14.96,15.02,14.63,14.65,"9,27,31,061"
06/26/2019,14.69,15.15,14.54,14.62,"12,76,08,114"
06/27/2019,14.63,14.86,14.49,14.86,"9,50,95,646"
06/28/2019,14.73,15.01,14.72,14.9,"10,27,70,755"
07-01-2019,15.35,15.54,15.09,15.14,"12,35,69,455"
07-02-2019,15.26,15.28,14.81,14.97,"13,88,85,414"
07-03-2019,15.96,16.1,15.63,15.66,"21,30,17,256"
07-05-2019,15.64,15.7,15.39,15.54,"10,59,86,065"
07-08-2019,15.42,15.48,15.24,15.36,"8,82,08,126"
07-09-2019,15.26,15.4,15.15,15.34,"9,28,62,521"
07-10-2019,15.61,15.93,15.54,15.93,"13,71,86,034"
07-11-2019,15.88,16.1,15.72,15.91,"11,27,16,445"
07-12-2019,15.98,16.36,15.98,16.34,"13,80,07,809"
07/15/2019,16.53,16.96,16.32,16.9,"16,50,01,343"
07/16/2019,16.62,16.9,16.53,16.83,"12,22,34,830"
07/17/2019,17.04,17.22,16.89,16.99,"14,64,70,899"
07/18/2019,17,17.05,16.79,16.9,"7,14,67,242"
07/19/2019,17.05,17.33,16.97,17.21,"10,57,26,145"
07/22/2019,17.25,17.48,16.95,17.05,"10,26,94,090"
07/23/2019,17.11,17.37,16.97,17.34,"7,53,46,812"
07/24/2019,17.28,17.74,17.21,17.66,"16,60,92,593"
07/25/2019,15.57,15.63,15.04,15.25,"33,62,73,705"
07/26/2019,15.13,15.35,14.82,15.2,"15,04,15,493"
07/29/2019,15.14,15.73,15.07,15.72,"13,90,99,974"
07/30/2019,15.53,16.22,15.48,16.15,"12,16,35,205"
07/31/2019,16.2,16.45,15.78,16.11,"13,76,73,114"
08-01-2019,16.18,16.3,15.45,15.59,"12,38,92,735"
08-02-2019,15.42,15.75,15.28,15.62,"9,20,47,211"
08-05-2019,15.31,15.42,15.05,15.22,"10,54,24,180"
08-06-2019,15.46,15.5,15.05,15.38,"8,34,62,996"
08-07-2019,15.1,15.57,15.05,15.56,"7,16,47,497"
08-08-2019,15.63,15.99,15.51,15.89,"7,91,15,232"
08-09-2019,15.74,15.93,15.59,15.67,"5,84,73,657"
08-12-2019,15.53,15.72,15.25,15.27,"6,99,59,052"
08/13/2019,15.25,15.73,15.17,15.67,"7,30,34,967"
08/14/2019,15.41,15.43,14.45,14.64,"14,34,38,874"
08/15/2019,14.72,14.77,14.1,14.38,"12,34,79,275"
08/16/2019,14.44,14.82,14.4,14.66,"7,81,10,637"
08/19/2019,14.95,15.19,14.78,15.12,"7,96,76,216"
08/20/2019,15.17,15.27,14.97,15.06,"6,25,57,902"
08/21/2019,14.8,14.88,14.51,14.72,"11,69,96,155"
08/22/2019,14.85,15.03,14.55,14.81,"9,84,74,456"
08/23/2019,14.66,14.74,14.07,14.09,"12,83,95,554"
08/26/2019,14.24,14.33,14.1,14.33,"7,58,16,207"
08/27/2019,14.38,14.59,14.14,14.27,"8,13,10,901"
08/28/2019,14.25,14.48,14.15,14.37,"4,85,79,373"
08/29/2019,14.6,14.89,14.53,14.78,"7,77,46,557"
08/30/2019,15.28,15.5,14.95,15.04,"13,99,16,634"
09-03-2019,14.94,15.26,14.88,15,"8,04,08,186"
09-04-2019,15.13,15.23,14.61,14.71,"8,65,30,436"
09-05-2019,14.83,15.32,14.72,15.31,"11,10,49,825"
09-06-2019,15.15,15.31,15.01,15.16,"6,28,40,577"
09-09-2019,15.33,15.58,15.28,15.45,"7,20,40,032"
09-10-2019,15.39,15.7,15.26,15.7,"7,32,55,707"
09-11-2019,15.83,16.54,15.73,16.47,"15,06,41,693"
09-12-2019,16.51,16.9,16.29,16.39,"12,87,18,144"
09/13/2019,16.46,16.56,16.32,16.35,"7,96,97,171"
09/16/2019,16.4,16.5,16.08,16.19,"7,09,21,437"
09/17/2019,16.16,16.37,16.02,16.32,"5,92,03,632"
09/18/2019,16.33,16.54,16.16,16.23,"6,34,21,542"
09/19/2019,16.4,16.53,16.32,16.44,"7,32,47,007"
09/20/2019,16.43,16.46,15.88,16.04,"9,75,93,956"
09/23/2019,16,16.35,15.95,16.08,"6,58,74,447"
09/24/2019,16.1,16.13,14.84,14.88,"19,41,16,641"
09/25/2019,14.97,15.27,14.56,15.25,"14,16,64,269"
09/26/2019,15.38,16.22,15.16,16.17,"18,11,81,842"
09/27/2019,16.15,16.58,15.92,16.14,"16,68,47,693"
09/30/2019,16.2,16.27,15.74,16.06,"8,91,92,411"
10-01-2019,16.1,16.4,15.94,16.31,"9,29,44,346"
10-02-2019,16.22,16.31,15.96,16.21,"9,38,48,216"
10-03-2019,15.46,15.63,14.95,15.54,"22,70,66,390"
10-04-2019,15.44,15.65,15.2,15.43,"12,03,17,695"
10-07-2019,15.32,15.9,15.24,15.85,"12,13,04,350"
10-08-2019,15.72,16.26,15.63,16,"13,05,35,064"
10-09-2019,16.09,16.49,16.04,16.3,"10,40,25,490"
10-10-2019,16.35,16.62,16.11,16.32,"9,47,01,251"
10-11-2019,16.48,16.74,16.45,16.53,"12,73,22,394"
10/14/2019,16.53,17.24,16.48,17.13,"15,34,02,893"
10/15/2019,17.18,17.33,16.94,17.19,"9,71,91,836"
10/16/2019,17.16,17.47,17.13,17.32,"10,05,64,541"
10/17/2019,17.5,17.65,17.34,17.46,"7,16,85,642"
10/18/2019,17.38,17.52,17.01,17.13,"8,63,04,986"
10/21/2019,17.22,17.3,16.68,16.9,"7,66,21,512"
10/22/2019,16.95,17.22,16.72,17.04,"6,93,76,422"
10/23/2019,16.97,17.08,16.76,16.98,"16,82,42,693"
10/24/2019,19.89,20.33,19.28,19.98,"44,72,88,430"
10/25/2019,19.85,22,19.74,21.88,"45,00,91,300"
10/28/2019,21.84,22.72,21.51,21.85,"28,30,54,323"
10/29/2019,21.33,21.62,20.98,21.08,"19,02,64,042"
10/30/2019,20.87,21.25,20.66,21,"14,46,27,144"
10/31/2019,20.87,21.27,20.87,20.99,"7,60,04,337"
11-01-2019,21.09,21.1,20.65,20.89,"9,57,58,931"
11-04-2019,20.99,21.46,20.62,21.16,"13,18,05,594"
11-05-2019,21.31,21.57,21.07,21.15,"10,41,51,250"
11-06-2019,21.2,21.78,20.97,21.77,"11,91,13,975"
11-07-2019,21.94,22.77,21.87,22.37,"21,70,10,255"
11-08-2019,22.3,22.5,22.17,22.48,"9,11,13,311"
11-11-2019,22.93,23.28,22.8,23.01,"14,99,05,328"
11-12-2019,23.13,23.36,22.94,23.33,"11,03,90,740"
11/13/2019,23.67,23.76,23.01,23.07,"12,70,17,954"
11/14/2019,23.07,23.59,22.86,23.29,"9,70,75,541"
11/15/2019,23.38,23.52,23.22,23.48,"7,21,88,442"
11/18/2019,23.53,23.54,23.07,23.33,"6,61,27,572"
11/19/2019,23.45,24,23.19,23.97,"11,60,41,165"
11/20/2019,24,24.08,23.3,23.48,"10,10,09,471"
11/21/2019,23.63,24.06,23.6,23.66,"9,16,50,191"
11/22/2019,22.68,22.73,22,22.2,"25,30,59,604"
11/25/2019,22.95,22.97,22.3,22.42,"18,51,86,542"
11/26/2019,22.35,22.37,21.81,21.93,"11,93,43,580"
11/27/2019,22.07,22.26,21.9,22.09,"8,34,51,881"
11/29/2019,22.07,22.08,21.83,22,"3,69,84,433"
12-02-2019,21.96,22.43,21.91,22.32,"9,12,29,786"
12-03-2019,22.17,22.53,22.15,22.41,"9,92,02,136"
12-04-2019,22.52,22.52,22.19,22.2,"8,30,43,806"
12-05-2019,22.19,22.29,21.82,22.02,"5,60,54,638"
12-06-2019,22.33,22.59,22.32,22.39,"11,42,84,050"
12-09-2019,22.44,22.96,22.34,22.64,"13,56,03,249"
12-10-2019,22.66,23.38,22.62,23.26,"13,25,99,274"
12-11-2019,23.46,23.81,23.41,23.51,"10,37,87,425"
12-12-2019,23.66,24.18,23.55,23.98,"11,66,43,160"
12/13/2019,24.07,24.35,23.64,23.89,"9,73,36,196"
12/16/2019,24.17,25.57,24.17,25.43,"27,33,14,073"
12/17/2019,25.27,25.7,25.06,25.27,"12,75,56,634"
12/18/2019,25.38,26.35,25.37,26.21,"21,20,45,856"
12/19/2019,26.49,27.12,26.43,26.94,"27,18,04,653"
12/20/2019,27.35,27.53,26.68,27.04,"22,17,78,140"
12/23/2019,27.45,28.13,27.33,27.95,"19,99,92,291"
12/24/2019,27.89,28.36,27.51,28.35,"12,08,20,795"
12/26/2019,28.53,28.9,28.42,28.73,"15,97,24,343"
12/27/2019,29,29.02,28.41,28.69,"14,93,52,398"
12/30/2019,28.59,28.6,27.28,27.65,"18,90,19,042"
12/31/2019,27,28.09,26.81,27.89,"15,43,86,893"
01-02-2020,28.3,28.71,28.11,28.68,"14,33,75,784"
01-03-2020,29.37,30.27,29.13,29.53,"26,69,20,473"
01-06-2020,29.36,30.1,29.33,30.1,"15,23,62,493"
01-07-2020,30.76,31.44,30.22,31.27,"27,31,37,103"
01-08-2020,31.58,33.23,31.22,32.81,"46,79,90,844"
01-09-2020,33.14,33.25,31.52,32.09,"42,69,47,816"
01-10-2020,32.12,32.33,31.58,31.88,"19,46,52,441"
01/13/2020,32.9,35.04,32.8,34.99,"39,95,18,247"
01/14/2020,36.28,36.49,34.99,35.86,"43,59,20,696"
01/15/2020,35.32,35.86,34.45,34.57,"26,05,32,469"
01/16/2020,32.92,34.3,32.81,34.23,"32,60,49,736"
01/17/2020,33.84,34.38,33.54,34.03,"20,44,36,056"
01/21/2020,35.35,36.57,35.23,36.48,"26,70,52,083"
01/22/2020,38.13,39.63,37.27,37.97,"47,05,35,444"
01/23/2020,37.62,38.8,37.04,38.15,"29,47,65,572"
01/24/2020,38.04,38.26,36.95,37.65,"21,53,03,991"
01/27/2020,36.13,37.63,35.95,37.2,"20,41,21,056"
01/28/2020,37.9,38.45,37.21,37.79,"17,68,27,342"
01/29/2020,38.38,39.32,37.83,38.73,"27,32,50,068"
01/30/2020,42.16,43.39,41.2,42.72,"43,50,85,181"
01/31/2020,42.67,43.53,42.17,43.37,"23,57,89,055"
02-03-2020,44.91,52.41,44.9,52,"70,85,02,469"
02-04-2020,58.86,64.6,55.59,59.14,"91,40,81,390"
02-05-2020,54.88,56.4,46.94,48.98,"72,63,57,568"
02-06-2020,46.66,53.06,45.8,49.93,"59,82,11,284"
02-07-2020,48.7,51.32,48.67,49.87,"25,59,52,789"
02-10-2020,53.33,54.67,50.16,51.42,"37,03,37,384"
02-11-2020,51.25,52.23,50.53,51.63,"17,54,62,042"
02-12-2020,51.86,52.65,50.89,51.15,"18,03,37,042"
02/13/2020,49.46,54.53,49,53.6,"39,43,40,263"
02/14/2020,52.48,54.2,52.37,53.34,"23,54,05,655"
02/18/2020,56.11,57.33,55.49,57.23,"25,04,75,524"
02/19/2020,61.57,62.99,60.07,61.16,"38,13,44,398"
02/20/2020,60.8,60.8,57.33,59.96,"26,45,23,353"
02/21/2020,60.47,60.87,58.7,60.07,"21,50,91,741"
02/24/2020,55.93,57.57,54.81,55.59,"22,78,82,390"
02/25/2020,56.6,57.11,52.47,53.33,"25,93,57,189"
02/26/2020,52.17,54.22,51.74,51.92,"21,23,07,591"
02/27/2020,48.67,49.32,44.6,45.27,"36,41,57,384"
02/28/2020,41.98,46.03,40.77,44.53,"36,84,62,504"
03-02-2020,47.42,49.58,45.78,49.57,"30,29,24,837"
03-03-2020,53.67,53.8,47.74,49.7,"38,67,59,983"
03-04-2020,50.93,51.1,48.32,49.97,"22,57,34,690"
03-05-2020,48.25,49.72,47.87,48.3,"16,27,89,893"
03-06-2020,46,47.13,45.62,46.9,"18,99,43,792"
03-09-2020,40.36,44.2,40.33,40.53,"25,61,06,089"
03-10-2020,43.96,44.53,40.53,43.02,"23,39,16,590"
03-11-2020,42.68,43.57,40.87,42.28,"20,12,03,841"
03-12-2020,38.73,39.63,36.42,37.37,"28,36,35,753"
03/13/2020,39.67,40.5,33.47,36.44,"33,96,03,765"
03/16/2020,31.3,32.99,29.48,29.67,"30,73,41,901"
03/17/2020,29.33,31.46,26.4,28.68,"35,99,18,684"
03/18/2020,25.93,26.99,23.37,24.08,"35,67,92,384"
03/19/2020,24.98,30.13,23.9,28.51,"45,29,31,895"
03/20/2020,29.21,31.8,28.39,28.5,"42,42,82,511"
03/23/2020,28.91,29.47,27.37,28.95,"24,68,18,254"
03/24/2020,31.82,34.25,31.6,33.67,"34,34,27,505"
03/25/2020,36.35,37.13,34.07,35.95,"31,83,41,266"
03/26/2020,36.49,37.33,34.15,35.21,"26,13,31,189"
03/27/2020,33.67,35.05,32.94,34.29,"21,56,61,141"
03/30/2020,34.02,34.44,32.75,33.48,"17,99,71,042"
03/31/2020,33.42,36.2,33.13,34.93,"26,65,72,338"
04-01-2020,33.6,34.26,31.67,32.1,"20,02,97,691"
04-02-2020,32.07,32.95,29.76,30.3,"29,78,76,467"
04-03-2020,33.97,34.37,31.23,32,"33,84,31,185"
04-06-2020,34.08,34.73,33.2,34.42,"22,35,27,590"
04-07-2020,36.33,37.67,35.49,36.36,"26,87,96,673"
04-08-2020,36.95,37.15,35.56,36.59,"18,98,40,292"
04-09-2020,37.47,38.35,37.14,38.2,"20,47,49,991"
04/13/2020,39.34,43.47,38.7,43.4,"33,71,31,285"
04/14/2020,46.6,49.46,46.16,47.33,"45,86,47,630"
04/15/2020,49.47,50.21,47.33,48.66,"35,36,54,984"
04/16/2020,47.8,50.63,47.11,49.68,"30,98,67,871"
04/17/2020,51.49,51.66,49.84,50.26,"19,69,23,441"
04/20/2020,48.85,51.04,47.48,49.76,"22,11,95,540"
04/21/2020,48.67,50.22,44.92,45.78,"30,31,36,307"
04/22/2020,46.93,48.93,45.91,48.81,"21,33,72,456"
04/23/2020,48.51,48.93,46.88,47.04,"19,85,50,491"
04/24/2020,47.39,48.72,46.55,48.34,"19,85,64,141"
04/27/2020,49.17,53.3,49,53.25,"31,02,21,571"
04/28/2020,53.04,53.67,50.45,51.27,"22,83,29,390"
04/29/2020,52.68,53.55,52.21,53.37,"24,32,39,674"
04/30/2020,57.01,57.99,50.9,52.13,"42,70,77,701"
05-01-2020,50.33,51.52,45.54,46.75,"48,79,77,114"
05-04-2020,46.73,50.8,46.53,50.75,"28,85,56,307"
05-05-2020,52.65,53.26,50.81,51.21,"25,48,74,889"
05-06-2020,51.77,52.65,50.74,52.17,"16,68,48,428"
05-07-2020,51.81,53.09,51.49,52,"17,29,15,342"
05-08-2020,52.92,54.93,52.47,54.63,"24,19,51,339"
05-11-2020,52.7,54.93,52.33,54.09,"24,77,93,989"
05-12-2020,55.13,56.22,53.87,53.96,"23,86,03,655"
05/13/2020,54.72,55.07,50.89,52.73,"28,59,82,337"
05/14/2020,52,53.56,50.93,53.56,"20,52,32,856"
05/15/2020,52.69,53.67,52.44,53.28,"15,77,76,428"
05/18/2020,55.19,55.65,53.59,54.24,"17,54,71,492"
05/19/2020,54.34,54.8,53.74,53.87,"14,45,47,824"
05/20/2020,54.7,55.07,54.12,54.37,"10,96,39,060"
05/21/2020,54.4,55.5,53.07,55.17,"18,38,18,692"
05/22/2020,54.81,55.45,54.13,54.46,"14,98,12,133"
05/26/2020,55.63,55.64,54.38,54.59,"12,13,46,035"
05/27/2020,54.72,55.18,52.33,54.68,"17,32,42,942"
05/28/2020,54.23,54.98,53.45,53.72,"10,91,36,590"
05/29/2020,53.92,55.67,53.61,55.67,"17,71,87,342"
06-01-2020,57.2,59.93,56.94,59.87,"22,62,79,490"
06-02-2020,59.65,60.58,58.07,58.77,"20,34,83,991"
06-03-2020,59.21,59.86,58.67,58.86,"11,92,42,030"
06-04-2020,59.33,59.72,57.23,57.63,"13,33,15,689"
06-05-2020,58.52,59.1,57.75,59.04,"11,71,78,750"
06-08-2020,61.27,63.33,60.61,63.33,"21,26,20,941"
06-09-2020,62.67,63.63,61.6,62.71,"17,08,22,242"
06-10-2020,66.13,68.5,65.5,68.34,"27,84,51,138"
06-11-2020,66.01,67.93,64.8,64.86,"23,87,47,189"
06-12-2020,65.33,65.87,60.84,62.35,"25,14,50,524"
06/15/2020,61.19,66.59,60.57,66.06,"23,54,57,675"
06/16/2020,67.46,67.53,64.16,65.48,"21,07,66,191"
06/17/2020,65.85,67,65.5,66.12,"14,83,61,993"
06/18/2020,66.87,67.95,66.3,66.93,"14,62,79,034"
06/19/2020,67.52,67.73,66.09,66.73,"13,01,96,229"
06/22/2020,66.66,67.26,66,66.29,"9,54,35,246"
06/23/2020,66.59,67.47,66.27,66.79,"9,54,79,061"
06/24/2020,66.27,66.73,63.54,64.06,"16,43,93,843"
06/25/2020,63.62,65.73,62.48,65.73,"13,88,18,229"
06/26/2020,66.32,66.33,63.66,63.98,"13,28,23,614"
06/29/2020,64.6,67.33,63.23,67.29,"13,53,96,054"
06/30/2020,67.1,72.51,66.92,71.99,"25,37,77,489"
07-01-2020,72.2,75.69,72.03,74.64,"19,99,03,491"
07-02-2020,81.43,81.87,79.04,80.58,"25,87,51,774"
07-06-2020,85.11,91.85,84.4,91.44,"30,85,47,871"
07-07-2020,93.67,95.3,89.11,92.66,"32,23,44,856"
07-08-2020,93.67,94.48,87.42,91.06,"24,46,69,654"
07-09-2020,93.13,93.9,90.09,92.95,"17,57,63,992"
07-10-2020,93.07,103.26,91.73,102.98,"35,00,63,250"
07/13/2020,110.6,119.67,98.07,99.8,"58,47,80,359"
07/14/2020,103.73,106,95.4,101.12,"35,12,72,100"
07/15/2020,102.87,103.33,97.13,103.07,"24,55,17,454"
07/16/2020,98.48,102.11,97.73,100.04,"21,45,11,856"
07/17/2020,100.9,102.5,99.33,100.06,"13,99,49,574"
07/20/2020,101.27,110,99.2,109.53,"25,68,20,524"
07/21/2020,109.33,111.67,103.87,104.56,"24,23,59,189"
07/22/2020,106.6,108.43,104.13,106.16,"21,24,16,191"
07/23/2020,111.93,112.6,98.72,100.87,"36,49,27,484"
07/24/2020,94.4,97.67,91.1,94.47,"29,09,49,272"
07/27/2020,95.67,103.2,94.2,102.64,"24,07,30,054"
07/28/2020,100.27,104.31,98.29,98.43,"23,71,30,475"
07/29/2020,100.07,102.32,99.13,99.94,"14,14,03,389"
07/30/2020,99.2,100.88,98.07,99.17,"11,43,15,595"
07/31/2020,101,101.14,94.73,95.38,"18,37,04,392"
08-03-2020,96.61,100.65,96.29,99,"13,21,40,184"
08-04-2020,99.67,101.83,97.47,99.13,"12,62,24,844"
08-05-2020,99.53,99.99,97.89,99,"7,46,70,222"
08-06-2020,99.39,101.15,98.48,99.31,"8,98,84,691"
08-07-2020,99.97,99.98,94.33,96.85,"13,34,46,294"
08-10-2020,96.53,97.17,92.39,94.57,"11,28,33,955"
08-11-2020,93.07,94.67,91,91.63,"12,93,87,504"
08-12-2020,98,105.67,95.67,103.65,"32,84,82,436"
08/13/2020,107.4,110.08,104.48,108.07,"30,63,79,667"
08/14/2020,111,111.25,108.44,110.05,"18,86,64,142"
08/17/2020,111.8,123.06,111.52,122.38,"30,36,34,787"
08/18/2020,126.6,128.26,123.01,125.81,"24,71,17,339"
08/19/2020,124.33,127.4,122.75,125.24,"18,30,79,942"
08/20/2020,124.05,134.8,123.8,133.46,"30,91,77,001"
08/21/2020,136.32,139.7,135,136.67,"32,23,43,401"
08/24/2020,141.75,141.93,128.5,134.28,"30,09,54,272"
08/25/2020,131.66,135.2,131.2,134.89,"15,98,83,343"
08/26/2020,137.33,144.4,136.91,143.54,"21,35,90,691"
08/27/2020,145.36,153.04,142.83,149.25,"35,53,95,569"
08/28/2020,153.01,154.57,145.77,147.56,"30,12,17,657"
08/31/2020,148.2,166.71,146.7,166.11,"35,51,23,184"
09-01-2020,167.38,167.5,156.84,158.35,"27,03,58,258"
09-02-2020,159.66,159.68,135.04,149.12,"28,85,28,367"
09-03-2020,135.74,143.93,134,135.67,"26,27,88,250"
09-04-2020,134.27,142.67,124.01,139.44,"33,09,65,708"
09-08-2020,118.67,122.91,109.96,110.07,"34,63,97,075"
09-09-2020,118.87,123,113.84,122.09,"23,83,97,291"
09-10-2020,128.74,133,120.19,123.78,"25,47,91,820"
09-11-2020,127.31,127.5,120.17,124.24,"18,21,52,366"
09/14/2020,126.98,140,124.43,139.87,"24,90,61,820"
09/15/2020,145.52,153.98,143.57,149.92,"29,18,94,694"
09/16/2020,146.62,152.6,145.1,147.25,"21,76,40,268"
09/17/2020,138.53,145.93,136,141.14,"23,03,37,461"
09/18/2020,149.31,150.33,142.93,147.38,"25,92,20,428"
09/21/2020,151.04,151.89,135.69,149.8,"32,84,30,381"
09/22/2020,143.2,145.92,139.2,141.41,"23,87,42,384"
09/23/2020,135.05,137.38,125.29,126.79,"28,52,22,532"
09/24/2020,121.27,133.17,117.1,129.26,"28,96,83,157"
09/25/2020,131.16,136.24,130.43,135.78,"20,16,25,377"
09/28/2020,141.54,142.69,138.52,140.4,"14,91,58,673"
09/29/2020,138.67,142.83,137.2,139.69,"15,10,24,190"
09/30/2020,140.44,144.64,140.16,143,"14,44,36,694"
10-01-2020,146.92,149.63,144.81,149.39,"15,22,24,343"
10-02-2020,140.46,146.38,138.33,138.36,"21,42,90,087"
10-05-2020,141.12,144.55,139.78,141.89,"13,41,68,375"
10-06-2020,141.26,142.93,135.35,137.99,"14,74,38,770"
10-07-2020,139.96,143.3,137.95,141.77,"12,93,83,129"
10-08-2020,146.15,146.33,141.77,141.97,"12,12,63,359"
10-09-2020,143.38,144.86,142.15,144.67,"8,67,76,977"
10-12-2020,147.33,149.58,146.19,147.43,"11,63,73,384"
10/13/2020,147.78,149.63,145.53,148.88,"10,33,91,013"
10/14/2020,149.93,155.3,149.12,153.77,"14,41,36,169"
10/15/2020,150.1,152.19,147.5,149.63,"10,70,17,053"
10/16/2020,151.48,151.98,146.28,146.56,"9,83,27,634"
10/19/2020,148.75,149,142.96,143.61,"10,88,63,517"
10/20/2020,143.92,143.92,139.68,140.65,"9,49,68,858"
10/21/2020,140.9,144.32,140.42,140.88,"9,71,11,380"
10/22/2020,147.31,148.41,141.5,141.93,"11,99,79,570"
10/23/2020,140.61,140.96,135.79,140.21,"10,11,50,937"
10/26/2020,137.21,141.92,136.67,140.09,"8,47,17,478"
10/27/2020,141.25,143.5,140.03,141.56,"6,80,59,528"
10/28/2020,138.83,139.53,135.33,135.34,"7,63,54,222"
10/29/2020,136.65,139.35,135.49,136.94,"6,79,65,931"
10/30/2020,135.63,135.86,126.37,129.35,"12,77,62,919"
11-02-2020,131.33,135.66,130.77,133.5,"8,70,63,354"
11-03-2020,136.58,142.59,135.56,141.3,"10,30,55,154"
11-04-2020,143.54,145.13,139.03,140.33,"9,64,29,180"
11-05-2020,142.77,146.67,141.33,146.03,"8,52,43,558"
11-06-2020,145.37,145.52,141.43,143.32,"6,51,18,028"
11-09-2020,146.5,150.83,140.33,140.42,"10,44,99,090"
11-10-2020,140.03,140.03,132.01,136.79,"9,08,52,660"
11-11-2020,138.82,139.57,136.86,139.04,"5,20,73,161"
11-12-2020,138.35,141,136.51,137.25,"5,98,21,498"
11/13/2020,136.95,137.51,133.89,136.17,"5,94,91,048"
11/16/2020,136.31,137.48,134.7,136.03,"8,05,15,921"
11/17/2020,153.39,154,144.34,147.2,"18,35,64,838"
11/18/2020,149.45,165.33,147.83,162.21,"23,41,32,041"
11/19/2020,164,169.54,162.52,166.42,"18,74,26,051"
11/20/2020,166,167.5,163.02,163.2,"9,87,35,763"
11/23/2020,167.83,175.33,167.26,173.95,"15,07,80,899"
11/24/2020,180.13,186.66,175.4,185.13,"16,09,45,459"
11/25/2020,183.35,191.33,181.79,191.33,"14,67,90,476"
11/27/2020,193.72,199.59,192.82,195.25,"11,26,83,231"
11/30/2020,200.74,202.6,184.84,189.2,"18,90,09,136"
12-01-2020,199.2,199.28,190.68,194.92,"12,11,48,492"
12-02-2020,185.48,190.51,180.4,189.61,"14,33,26,940"
12-03-2020,196.67,199.66,194.14,197.79,"12,76,55,996"
12-04-2020,197,199.68,195.17,199.68,"8,82,03,930"
12-07-2020,201.64,216.26,201.02,213.92,"16,89,29,128"
12-08-2020,208.5,217.09,206.17,216.63,"19,27,95,087"
12-09-2020,217.9,218.11,196,201.49,"21,38,73,579"
12-10-2020,191.46,209.25,188.78,209.02,"20,12,49,438"
12-11-2020,205,208,198.93,203.33,"13,94,24,903"
12/14/2020,206.33,214.25,203.4,213.28,"15,61,21,939"
12/15/2020,214.43,215.63,207.93,211.08,"13,56,70,673"
12/16/2020,209.41,210.83,201.67,207.59,"12,62,87,423"
12/17/2020,209.4,219.61,206.5,218.63,"16,88,10,418"
12/18/2020,222.97,231.67,209.51,231.67,"66,63,78,590"
12/21/2020,222.08,222.83,215.36,216.62,"17,41,35,781"
12/22/2020,216,216.63,204.74,213.45,"15,55,84,918"
12/23/2020,210.73,217.17,207.52,215.33,"9,95,18,904"
12/24/2020,214.33,222.03,213.67,220.59,"6,85,96,702"
12/28/2020,224.84,227.13,220.27,221.23,"9,68,35,680"
12/29/2020,220.33,223.3,218.33,222,"6,87,32,425"
12/30/2020,224,232.2,222.79,231.59,"12,85,38,056"
12/31/2020,233.33,239.57,230.37,235.22,"14,89,49,786"
01-04-2021,239.82,248.16,239.06,243.26,"14,59,14,569"
01-05-2021,241.22,246.95,239.73,245.04,"9,67,35,501"
01-06-2021,252.83,258,249.7,251.99,"13,40,99,903"
01-07-2021,259.21,272.33,258.4,272.01,"15,44,96,855"
01-08-2021,285.33,294.83,279.46,293.34,"22,51,66,586"
01-11-2021,283.13,284.81,267.87,270.4,"17,86,62,451"
01-12-2021,277,289.33,275.78,283.15,"13,88,12,153"
01/13/2021,284.25,286.82,277.33,284.8,"9,99,37,497"
01/14/2021,281.13,287.67,279.58,281.67,"9,37,98,981"
01/15/2021,284,286.63,273.03,275.39,"11,63,32,803"
01/19/2021,279.27,283.33,277.67,281.52,"7,61,00,938"
01/20/2021,286.25,286.5,279.09,283.48,"7,69,97,641"
01/21/2021,285,285.24,280.47,281.66,"6,17,94,391"
01/22/2021,278.1,282.67,276.21,282.21,"6,01,99,498"
01/25/2021,285,300.13,279.61,293.6,"12,35,20,190"
01/26/2021,297.13,298.63,290.53,294.36,"6,93,94,798"
01/27/2021,290.12,297.17,286.22,288.05,"8,20,01,881"
01/28/2021,273.33,282.67,267,278.48,"7,91,34,145"
01/29/2021,276.67,280.8,260.03,264.51,"10,49,72,259"
02-01-2021,271.43,280.67,265.19,279.94,"7,61,74,171"
02-02-2021,281.56,293.5,280.73,290.93,"7,30,38,619"
02-03-2021,292.34,292.69,284.35,284.9,"5,50,30,528"
02-04-2021,285,285.5,277.81,283.33,"4,74,37,979"
02-05-2021,281.67,288.26,279.66,284.08,"5,56,99,921"
02-08-2021,289.89,292.59,284.92,287.81,"6,04,85,161"
02-09-2021,285.04,286.6,280.58,283.15,"4,54,72,949"
02-10-2021,281.21,281.61,266.67,268.27,"10,86,48,267"
02-11-2021,270.81,276.63,267.24,270.55,"6,48,68,248"
02-12-2021,267.09,272.44,261.78,272.04,"7,13,04,931"
02/16/2021,272.67,273.67,264.15,265.41,"5,94,06,958"
02/17/2021,259.7,266.61,254,266.05,"7,82,36,698"
02/18/2021,260.3,264.9,258.76,262.46,"5,38,71,181"
02/19/2021,265,265.6,259.12,260.43,"5,68,74,778"
02/22/2021,254.21,256.17,236.73,238.17,"11,18,09,154"
02/23/2021,220.71,237.87,206.33,232.95,"19,98,20,643"
02/24/2021,237.28,248.33,231.39,247.34,"11,03,00,856"
02/25/2021,242.05,245.74,223.53,227.41,"11,70,71,574"
02/26/2021,233.33,235.57,219.84,225.17,"12,32,67,500"
03-01-2021,230.04,290.67,228.35,239.48,"8,14,08,718"
03-02-2021,239.43,240.37,228.33,228.81,"7,11,96,478"
03-03-2021,229.33,233.57,217.24,217.73,"9,06,23,880"
03-04-2021,218.6,291.31,200,207.15,"19,77,58,587"
03-05-2021,208.69,209.28,179.83,199.32,"26,81,89,375"
03-08-2021,200.18,206.71,186.26,187.67,"15,53,60,878"
03-09-2021,202.73,226.03,198.4,224.53,"20,25,69,978"
03-10-2021,233.43,239.28,218.35,222.69,"18,18,17,011"
03-11-2021,233.13,234.17,225.73,233.2,"10,87,61,658"
03-12-2021,223.33,231.63,222.05,231.24,"10,07,51,517"
03/15/2021,231.36,237.73,228.01,235.98,"8,82,70,437"
03/16/2021,234.45,235.97,223.67,225.63,"9,65,87,007"
03/17/2021,218.96,234.58,217,233.94,"12,11,17,343"
03/18/2021,228.1,229.74,217.33,217.72,"10,01,07,057"
03/19/2021,215.53,219.08,208.21,218.29,"12,86,81,936"
03/22/2021,228.2,233.21,222.92,223.33,"11,85,36,654"
03/23/2021,225.26,225.93,219.17,220.72,"9,14,75,604"
03/24/2021,222.64,222.67,210.04,210.09,"10,13,85,501"
03/25/2021,204.33,215.17,203.17,213.46,"11,76,74,541"
03/26/2021,213.96,214.61,199.96,206.24,"10,15,58,493"
03/29/2021,205.21,205.49,198.67,203.76,"8,59,10,968"
03/30/2021,200.58,212.55,197,211.87,"11,82,97,074"
03/31/2021,215.54,224,213.7,222.64,"10,00,11,864"
04-01-2021,229.46,230.81,219.81,220.58,"10,58,95,134"
04-05-2021,235.9,236.05,228.23,230.35,"12,55,28,306"
04-06-2021,230.1,232.18,227.12,230.54,"8,48,15,518"
04-07-2021,229,230.46,222.61,223.66,"7,89,28,288"
04-08-2021,225.79,229.85,223.88,227.93,"7,17,72,982"
04-09-2021,225.92,226.99,223.14,225.67,"6,43,11,268"
04-12-2021,228.57,234.93,227.36,233.99,"8,74,07,007"
04/13/2021,237.57,254.33,236.89,254.11,"13,39,58,423"
04/14/2021,256.9,260.26,242.68,244.08,"14,70,52,298"
04/15/2021,247.7,247.9,240.44,246.28,"8,35,46,698"
04/16/2021,242.88,249.8,241.53,246.59,"8,39,38,579"
04/19/2021,239.87,241.8,230.6,238.21,"11,90,58,687"
04/20/2021,239.14,245.75,236.9,239.66,"10,68,27,114"
04/21/2021,234.92,248.28,232.67,248.04,"9,36,46,527"
04/22/2021,247.17,251.26,239.35,239.9,"10,67,70,783"
04/23/2021,239.93,245.79,238.49,243.13,"8,52,41,665"
04/26/2021,247,249.77,244.2,246.07,"9,31,15,497"
04/27/2021,239.32,241.33,234.45,234.91,"8,83,10,997"
04/28/2021,232.14,236.17,231.2,231.47,"6,68,13,151"
04/29/2021,233.17,234.08,222.83,225.67,"8,65,36,338"
04/30/2021,222.53,238.49,222.05,236.48,"12,22,76,153"
05-03-2021,234.6,235.33,226.83,228.3,"8,11,29,421"
05-04-2021,226.31,227.82,219.23,224.53,"8,92,17,957"
05-05-2021,227.02,228.43,222.45,223.65,"6,57,05,671"
05-06-2021,226.92,227.01,216.67,221.18,"8,33,53,855"
05-07-2021,221.93,230,220.07,224.12,"7,04,07,502"
05-10-2021,221.63,221.68,209.2,209.68,"9,41,77,257"
05-11-2021,199.75,209.03,198.53,205.73,"13,95,11,690"
05-12-2021,200.83,206.8,195.59,196.63,"10,14,70,941"
05/13/2021,200.52,202.15,186.55,190.56,"13,25,54,762"
05/14/2021,194.47,197.62,190.15,196.58,"10,01,12,574"
05/17/2021,191.85,196.58,187.07,192.28,"9,67,43,400"
05/18/2021,189.33,198.75,187.79,192.62,"11,04,91,695"
05/19/2021,184.18,188.74,182.33,187.82,"11,87,35,191"
05/20/2021,191.67,196.28,190.36,195.59,"9,24,63,354"
05/21/2021,198.7,198.89,193.33,193.63,"7,80,91,798"
05/24/2021,193.87,204.83,191.22,202.15,"10,36,74,267"
05/25/2021,202.44,204.66,198.57,201.56,"8,40,17,782"
05/26/2021,202.52,208.72,200.5,206.38,"8,59,17,931"
05/27/2021,206.75,210.38,205.4,210.28,"7,91,11,768"
05/28/2021,209.5,211.86,207.46,208.41,"6,82,11,115"
06-01-2021,209.27,211.27,206.85,207.97,"5,42,54,671"
06-02-2021,206.71,207.79,199.71,201.71,"6,99,08,335"
06-03-2021,200.6,201.52,190.41,190.95,"9,03,35,664"
06-04-2021,193.24,200.2,192.4,199.68,"7,21,10,698"
06-07-2021,197.28,203.33,194.29,201.71,"6,76,31,038"
06-08-2021,207.67,207.7,198.5,201.2,"7,81,60,222"
06-09-2021,200.72,203.93,199.21,199.59,"4,97,53,709"
06-10-2021,201.29,205.53,200.17,203.37,"7,17,58,819"
06-11-2021,203.41,204.19,200.51,203.3,"4,86,15,899"
06/14/2021,204.08,208.5,203.06,205.9,"6,12,71,938"
06/15/2021,205.56,205.6,199.41,199.79,"5,32,92,448"
06/16/2021,199.18,202.83,197.83,201.62,"6,64,32,391"
06/17/2021,200.63,207.16,200.45,205.53,"6,81,04,048"
06/18/2021,204.46,209.45,203.93,207.77,"7,36,82,728"
06/21/2021,208.16,210.46,202.96,206.94,"7,44,38,218"
06/22/2021,206.08,209.52,205.17,207.9,"5,74,76,671"
06/23/2021,210.67,219.07,210.01,218.86,"9,32,97,687"
06/24/2021,225,232.54,222.54,226.61,"13,79,47,169"
06/25/2021,229.86,231.27,222.9,223.96,"9,74,90,130"
06/28/2021,223.88,231.57,223.44,229.57,"6,48,84,478"
06/29/2021,228.22,229.17,225.3,226.92,"5,21,43,931"
06/30/2021,226.59,230.94,226.05,226.57,"5,67,74,575"
07-01-2021,227.97,229.33,224.27,225.97,"5,59,03,558"
07-02-2021,226.33,233.33,224.42,226.3,"8,12,92,099"
07-06-2021,227.24,228,217.13,219.86,"6,98,53,339"
07-07-2021,221.42,221.9,212.77,214.88,"5,63,75,881"
07-08-2021,209.46,218.14,206.82,217.6,"6,83,19,958"
07-09-2021,217.73,219.64,214.9,218.98,"5,44,21,651"
07-12-2021,220.73,229.08,220.72,228.57,"7,77,81,115"
07/13/2021,228.77,231.09,222.1,222.85,"6,28,98,268"
07/14/2021,223.58,226.2,217.61,217.79,"6,49,23,565"
07/15/2021,219.46,222.05,212.63,216.87,"6,06,28,708"
07/16/2021,218.23,218.9,214.07,214.74,"4,91,12,909"
07/19/2021,209.96,215.73,207.1,215.41,"6,38,91,268"
07/20/2021,217.33,220.8,213.5,220.17,"4,64,61,389"
07/21/2021,219.87,221.62,216.76,218.43,"4,18,60,019"
07/22/2021,218.81,220.72,214.87,216.42,"4,53,17,189"
07/23/2021,215.45,216.27,212.43,214.46,"4,38,14,819"
07/26/2021,216.99,222.73,215.7,219.21,"7,60,09,681"
07/27/2021,221.13,222.17,209.08,214.93,"9,84,39,864"
07/28/2021,215.67,218.32,213.13,215.66,"4,80,19,799"
07/29/2021,216.6,227.9,216.27,225.78,"9,11,83,920"
07/30/2021,223.92,232.51,223,229.07,"8,89,69,221"
08-02-2021,233.33,242.31,232.8,236.56,"10,08,47,307"
08-03-2021,239.67,240.88,233.67,236.58,"6,48,60,748"
08-04-2021,237,241.63,236.31,236.97,"5,10,07,949"
08-05-2021,238.67,240.32,237.14,238.21,"3,87,58,919"
08-06-2021,237.3,238.78,232.54,233.03,"4,68,69,149"
08-09-2021,236.72,239.68,235.04,237.92,"4,41,46,049"
08-10-2021,238,238.86,233.96,236.66,"4,02,96,929"
08-11-2021,237.57,238.39,234.74,235.94,"2,94,01,673"
08-12-2021,235.45,240.93,233.13,240.75,"5,30,45,065"
08/13/2021,241.24,243.3,238.11,239.06,"5,01,94,412"
08/16/2021,235.02,236.5,225.47,228.72,"6,93,09,901"
08/17/2021,224.22,224.86,216.28,221.9,"7,11,63,835"
08/18/2021,223.25,231.92,223.12,229.66,"6,10,48,141"
08/19/2021,226.07,228.85,222.53,224.49,"4,29,40,469"
08/20/2021,227.62,230.71,224.57,226.75,"4,45,25,609"
08/23/2021,228.48,237.38,226.92,235.43,"6,07,94,575"
08/24/2021,236.89,238.41,234.21,236.16,"3,92,49,209"
08/25/2021,235.68,238.99,234.67,237.07,"3,79,36,679"
08/26/2021,236.1,238.47,232.54,233.72,"3,96,42,869"
08/27/2021,235,238.33,234.03,237.31,"4,15,01,279"
08/30/2021,238.24,243.67,237.58,243.64,"5,58,12,661"
08/31/2021,244.33,246.8,242.15,245.24,"6,25,66,315"
09-01-2021,244.69,247.33,243.76,244.7,"3,96,13,019"
09-02-2021,244.83,246.99,243.51,244.13,"3,83,90,219"
09-03-2021,244.08,244.67,241.4,244.52,"4,58,13,149"
09-07-2021,246.67,253.4,246.42,250.97,"6,01,19,488"
09-08-2021,253.86,254.82,246.92,251.29,"5,63,79,115"
09-09-2021,251.14,254.03,250.54,251.62,"4,22,33,189"
09-10-2021,253.2,254.2,244.84,245.42,"4,55,52,509"
09/13/2021,246.74,248.26,236.28,247.67,"6,88,57,438"
09/14/2021,247.52,251.49,245.47,248.16,"5,55,74,641"
09/15/2021,248.33,252.29,246.12,251.94,"4,60,73,069"
09/16/2021,250.94,252.97,249.2,252.33,"4,17,70,169"
09/17/2021,252.38,253.68,250,253.16,"8,46,12,538"
09/20/2021,244.85,247.33,239.54,243.39,"7,42,72,942"
09/21/2021,244.93,248.25,243.48,246.46,"4,89,92,159"
09/22/2021,247.84,251.22,246.37,250.65,"4,53,78,809"
09/23/2021,251.67,252.73,249.31,251.21,"3,58,42,589"
09/24/2021,248.63,258.27,248.19,258.13,"6,41,19,058"
09/27/2021,257.71,266.33,256.44,263.79,"8,42,11,978"
09/28/2021,262.4,265.21,255.39,259.19,"7,61,44,258"
09/29/2021,259.93,264.5,256.89,260.44,"6,28,28,641"
09/30/2021,260.33,263.04,258.33,258.49,"5,38,67,881"
10-01-2021,259.47,260.26,254.53,258.41,"5,10,94,229"
10-04-2021,265.5,268.99,258.71,260.51,"9,14,50,017"
10-05-2021,261.6,265.77,258.07,260.2,"5,52,97,891"
10-06-2021,258.73,262.22,257.74,260.92,"4,38,98,309"
10-07-2021,261.82,268.33,261.13,264.54,"5,75,87,335"
10-08-2021,265.4,265.46,260.3,261.83,"5,02,15,799"
10-11-2021,262.55,267.08,261.83,263.98,"4,26,00,959"
10-12-2021,266.98,270.77,265.52,268.57,"6,60,60,115"
10/13/2021,270.16,271.8,268.59,270.36,"4,23,60,239"
10/14/2021,271.83,273.42,271.12,272.77,"3,67,41,509"
10/15/2021,274.58,281.07,274.12,281.01,"5,67,73,708"
10/18/2021,283.93,291.75,283.82,290.04,"7,26,21,718"
10/19/2021,292.51,292.65,287.5,288.09,"5,21,43,391"
10/20/2021,288.45,289.83,285.79,288.6,"4,20,96,149"
10/21/2021,285.33,300,285.17,298,"9,44,44,338"
10/22/2021,298.5,303.33,296.99,303.23,"6,86,42,518"
10/25/2021,316.84,348.34,314.73,341.62,"18,85,56,289"
10/26/2021,341.56,364.98,333.81,339.48,"18,72,44,902"
10/27/2021,346.55,356.96,343.59,345.95,"11,55,79,380"
10/28/2021,356.1,360.33,351.4,359.01,"8,16,39,502"
10/29/2021,360.62,371.74,357.74,371.33,"8,97,55,257"
11-01-2021,381.67,403.25,372.89,402.86,"16,81,46,152"
11-02-2021,386.45,402.86,382,390.67,"12,82,13,399"
11-03-2021,392.44,405.13,384.21,404.62,"10,38,85,557"
11-04-2021,411.47,414.5,405.67,409.97,"7,61,92,222"
11-05-2021,409.33,413.29,402.67,407.36,"6,48,86,431"
11-08-2021,383.26,399,377.67,387.65,"10,03,37,154"
11-09-2021,391.2,391.5,337.17,341.17,"17,73,17,515"
11-10-2021,336.8,359.37,329.1,355.98,"12,84,08,153"
11-11-2021,367.59,368.32,351.56,354.5,"6,71,89,702"
11-12-2021,349.17,351.5,339.73,344.47,"7,67,19,448"
11/15/2021,339.21,343.99,326.2,337.8,"10,43,26,941"
11/16/2021,334.44,352.4,334.06,351.58,"7,96,27,075"
11/17/2021,354.5,373.21,351.83,363,"9,43,36,098"
11/18/2021,368.85,370.67,358.34,365.46,"6,26,96,788"
11/19/2021,366.29,379.57,364.23,379.02,"6,49,26,778"
11/22/2021,387.44,400.65,377.48,385.62,"9,92,17,533"
11/23/2021,389.17,393.5,354.23,369.68,"10,85,15,094"
11/24/2021,360.13,377.59,354,372,"6,76,80,718"
11/26/2021,366.49,369.59,360.33,360.64,"3,50,42,669"
11/29/2021,367,380.89,366.73,379,"5,83,93,411"
11/30/2021,381.46,389.33,372.67,381.59,"8,12,76,115"
12-01-2021,386.9,390.95,363.59,365,"6,88,04,095"
12-02-2021,366.35,371,352.22,361.53,"7,31,14,855"
12-03-2021,361.6,363.53,333.4,338.32,"9,23,21,997"
12-06-2021,333.84,340.55,316.83,336.34,"8,16,63,115"
12-07-2021,348.07,352.56,342.27,350.58,"5,60,84,575"
12-08-2021,350.9,357.46,344.33,356.32,"4,19,06,369"
12-09-2021,353.55,354.16,334.12,334.6,"5,94,38,488"
12-10-2021,336.25,340.33,327.51,339.01,"5,96,64,355"
12/13/2021,333.7,335,317.14,322.14,"7,85,95,498"
12/14/2021,315,322.14,310,319.5,"7,08,06,262"
12/15/2021,317.74,326.25,309.42,325.33,"7,51,69,222"
12/16/2021,331.5,331.66,307.28,308.97,"8,27,71,438"
12/17/2021,304.92,320.22,303.01,310.86,"10,08,80,259"
12/20/2021,303.57,307.23,297.8,299.98,"5,64,80,008"
12/21/2021,305.62,313.17,295.37,312.84,"7,15,17,931"
12/22/2021,321.89,338.55,319.02,336.29,"9,36,34,074"
12/23/2021,335.6,357.66,332.52,355.67,"9,27,13,287"
12/27/2021,357.89,372.33,356.91,364.65,"7,11,45,808"
12/28/2021,369.83,373,359.47,362.82,"6,03,23,911"
12/29/2021,366.21,368,354.71,362.06,"5,61,54,058"
12/30/2021,353.78,365.18,351.05,356.78,"4,70,40,929"
12/31/2021,357.81,360.67,351.53,352.26,"4,07,33,639"
01-03-2022,382.58,400.36,378.68,399.93,"10,46,86,053"
01-04-2022,396.52,402.67,374.35,383.2,"10,02,48,267"
01-05-2022,382.22,390.11,360.34,362.71,"8,01,19,798"
01-06-2022,359,362.67,340.17,354.9,"9,03,36,477"
01-07-2022,360.12,360.31,336.67,342.32,"8,41,64,758"
01-10-2022,333.33,353.03,326.67,352.71,"9,18,14,880"
01-11-2022,351.22,358.62,346.27,354.8,"6,60,63,208"
01-12-2022,359.62,371.61,357.53,368.74,"8,37,39,022"
01/13/2022,369.69,371.87,342.18,343.85,"9,72,09,777"
01/14/2022,339.96,350.67,337.79,349.87,"7,29,24,421"
01/18/2022,342.2,356.93,338.69,343.5,"6,69,89,401"
01/19/2022,347.24,351.56,331.67,331.88,"7,54,42,498"
01/20/2022,336.58,347.22,331.33,332.09,"7,04,88,742"
01/21/2022,332.11,334.85,313.5,314.63,"10,34,16,021"
01/24/2022,301.59,311.17,283.82,310,"15,23,75,129"
01/25/2022,304.73,317.09,301.07,306.13,"8,65,95,900"
01/26/2022,317.48,329.23,302,312.47,"10,48,67,283"
01/27/2022,311.12,311.8,276.33,276.37,"14,71,09,556"
01/28/2022,277.19,285.83,264,282.12,"13,47,88,940"
01/31/2022,290.9,312.66,287.35,312.24,"10,44,36,090"
02-01-2022,311.74,314.57,301.67,310.42,"7,31,38,339"
02-02-2022,309.39,310.5,296.47,301.89,"6,67,93,048"
02-03-2022,294,312.33,293.51,297.05,"7,88,55,565"
02-04-2022,299.07,312.17,293.72,307.77,"7,36,25,458"
02-07-2022,307.93,315.92,300.9,302.45,"6,09,94,468"
02-08-2022,301.84,308.76,298.27,307.33,"5,07,29,009"
02-09-2022,311.67,315.42,306.67,310.67,"5,22,59,548"
02-10-2022,302.79,314.6,298.9,301.52,"6,61,26,835"
02-11-2022,303.21,305.32,283.57,286.67,"7,96,45,855"
02/14/2022,287.19,299.63,284.38,291.92,"6,77,56,411"
02/15/2022,300,307.67,297.79,307.48,"5,76,49,528"
02/16/2022,304.68,308.81,300.4,307.8,"5,12,94,392"
02/17/2022,304.42,306.17,291.37,292.12,"5,51,78,431"
02/18/2022,295.33,295.62,279.2,285.66,"6,85,01,845"
02/22/2022,278.04,285.58,267.03,273.84,"8,32,88,185"
02/23/2022,276.81,278.43,253.52,254.68,"9,52,57,017"
02/24/2022,233.46,267.49,233.33,266.92,"13,53,22,298"
02/25/2022,269.74,273.17,260.8,269.96,"7,60,67,758"
02/28/2022,271.67,292.29,271.57,290.14,"9,90,06,864"
03-01-2022,289.89,296.63,284.59,288.12,"7,47,66,859"
03-02-2022,290.71,295.49,281.42,293.3,"7,46,43,448"
03-03-2022,292.92,295.48,277.53,279.76,"6,16,23,508"
03-04-2022,283.03,285.22,275.05,279.43,"6,71,79,859"
03-07-2022,285.43,288.71,268.19,268.19,"7,24,94,161"
03-08-2022,265.18,283.33,260.72,274.8,"8,03,99,095"
03-09-2022,279.83,286.85,277.34,286.32,"5,91,83,968"
03-10-2022,283.82,284.82,270.12,279.43,"5,86,48,651"
03-11-2022,280.07,281.27,264.59,265.12,"6,70,37,161"
03/14/2022,260.2,266.9,252.01,255.46,"7,11,52,258"
03/15/2022,258.42,268.52,252.19,267.3,"6,68,41,141"
03/16/2022,269.67,280.67,267.42,280.08,"8,40,28,819"
03/17/2022,277,291.67,275.24,290.53,"6,65,82,958"
03/18/2022,291.5,302.62,289.13,301.8,"10,04,14,191"
03/21/2022,304.99,314.28,302.36,307.05,"8,19,81,661"
03/22/2022,310,332.62,307.25,331.33,"10,58,68,557"
03/23/2022,326.65,346.9,325.47,333.04,"12,06,76,134"
03/24/2022,336.58,341.5,329.6,337.97,"6,89,20,891"
03/25/2022,336,340.6,332.44,336.88,"6,20,31,538"
03/28/2022,355.03,365.96,351.2,363.95,"10,25,06,061"
03/29/2022,369.33,371.59,357.7,366.52,"7,36,14,808"
03/30/2022,363.72,371.32,361.33,364.66,"5,98,64,998"
03/31/2022,364.86,367.71,358.88,359.2,"4,89,92,759"
04-01-2022,360.38,364.92,355.55,361.53,"5,42,63,218"
04-04-2022,363.13,383.3,357.51,381.82,"8,21,77,702"
04-05-2022,378.77,384.29,362.43,363.75,"8,00,75,008"
04-06-2022,357.82,359.67,342.57,348.59,"8,93,48,541"
04-07-2022,350.8,358.86,340.51,352.42,"7,94,47,048"
04-08-2022,347.74,349.48,340.81,341.83,"5,50,13,698"
04-11-2022,326.8,336.16,324.88,325.31,"5,93,57,218"
04-12-2022,332.55,340.4,325.53,328.98,"6,59,76,085"
04/13/2022,327.03,342.08,324.37,340.79,"5,51,21,218"
04/14/2022,333.1,337.57,327.4,328.33,"5,84,22,421"
04/18/2022,329.68,338.31,324.47,334.76,"5,17,15,229"
04/19/2022,335.02,344.98,331.78,342.72,"4,98,47,816"
04/20/2022,343.33,344.67,325.08,325.73,"7,07,11,315"
04/21/2022,358.24,364.07,332.14,336.26,"10,54,16,340"
04/22/2022,338.3,344.95,331.33,335.02,"6,96,96,565"
04/25/2022,326.32,336.21,325.1,332.67,"6,83,41,339"
04/26/2022,331.81,333.33,291.67,292.14,"13,61,33,657"
04/27/2022,299.53,306,292.45,293.84,"7,69,56,385"
04/28/2022,299.99,300,273.9,292.5,"12,49,48,532"
04/29/2022,300.75,311.47,290,290.25,"8,81,33,007"
05-02-2022,286.92,302.12,282.68,300.98,"7,57,81,381"
05-03-2022,301.06,308.03,296.2,303.08,"6,37,09,585"
05-04-2022,301.31,318.5,295.09,317.54,"8,16,43,702"
05-05-2022,313.07,315.2,285.9,291.09,"9,25,19,184"
05-06-2022,295.67,296,281.04,288.55,"7,29,03,115"
05-09-2022,278.82,281.88,260.38,262.37,"9,08,10,207"
05-10-2022,273.1,275.12,258.08,266.68,"8,44,01,641"
05-11-2022,265,269.92,242.4,244.67,"9,72,24,447"
05-12-2022,233.67,253.22,226.67,242.67,"14,03,12,855"
05/13/2022,257.83,262.45,250.52,256.53,"9,21,50,727"
05/16/2022,255.72,256.59,239.7,241.46,"8,60,98,528"
05/17/2022,249.12,254.83,242.95,253.87,"8,02,36,099"
05/18/2022,248.17,253.5,233.6,236.6,"8,78,11,797"
05/19/2022,235.67,244.67,231.37,236.47,"9,02,96,664"
05/20/2022,238,240.53,211,221.3,"14,49,73,319"
05/23/2022,218.34,226.65,212.69,224.97,"8,89,03,650"
05/24/2022,217.84,217.97,206.86,209.39,"8,90,92,527"
05/25/2022,207.95,223.11,207.67,219.6,"9,21,39,324"
05/26/2022,220.47,239.56,217.89,235.91,"10,60,03,344"
05/27/2022,241.08,253.27,240.18,253.21,"8,92,94,967"
05/31/2022,257.95,259.6,244.74,252.75,"10,19,14,380"
06-01-2022,251.72,257.33,243.64,246.79,"7,72,47,958"
06-02-2022,244.16,264.21,242.07,258.33,"9,34,73,130"
06-03-2022,243.23,247.8,233.42,234.52,"11,23,93,731"
06-06-2022,244.35,244.87,234.35,238.28,"8,42,04,502"
06-07-2022,234,240,230.09,238.89,"7,28,08,579"
06-08-2022,240.09,249.96,239.18,241.87,"7,62,10,615"
06-09-2022,249.34,255.55,239.33,239.71,"9,64,91,301"
06-10-2022,235.16,239.5,227.91,232.23,"9,80,90,904"
06/13/2022,223.17,226.63,214.68,215.74,"10,27,67,259"
06/14/2022,218.29,226.33,211.74,220.89,"9,79,88,781"
06/15/2022,220.92,235.66,218.15,233,"11,91,31,941"
06/16/2022,222.74,225.17,208.69,213.1,"10,73,90,691"
06/17/2022,213.43,220.97,213.2,216.76,"9,26,41,767"
06/21/2022,224.6,243.58,224.33,237.04,"12,27,92,972"
06/22/2022,234.5,246.83,233.83,236.09,"10,15,27,263"
06/23/2022,237.91,239.32,228.64,235.07,"10,42,02,687"
06/24/2022,237.47,246.07,236.09,245.71,"9,57,70,701"
06/27/2022,249.37,252.07,242.57,244.92,"8,91,78,297"
06/28/2022,244.48,249.97,232.34,232.66,"9,06,66,501"
06/29/2022,230.5,231.17,222.27,228.49,"8,28,97,258"
06/30/2022,224.51,229.46,218.86,224.47,"9,46,00,437"
07-01-2022,227,230.23,222.12,227.26,"7,44,60,448"
07-05-2022,223,233.15,216.17,233.07,"8,47,79,095"
07-06-2022,230.78,234.56,227.19,231.73,"7,18,53,619"
07-07-2022,233.92,245.36,232.21,244.54,"8,19,30,688"
07-08-2022,242.33,254.98,241.16,250.76,"10,18,54,074"
07-11-2022,252.1,253.06,233.63,234.34,"9,95,09,211"
07-12-2022,236.85,239.77,228.37,233.07,"8,79,30,957"
07/13/2022,225.5,242.06,225.03,237.04,"9,79,54,497"
07/14/2022,234.9,238.65,229.33,238.31,"7,85,57,488"
07/15/2022,240,243.62,236.89,240.07,"6,96,83,008"
07/18/2022,244.94,250.52,239.6,240.55,"8,25,37,438"
07/19/2022,245,247.14,236.98,245.53,"8,08,90,099"
07/20/2022,246.78,250.66,243.48,247.5,"8,88,64,074"
07/21/2022,255.11,273.27,254.87,271.71,"14,20,32,173"
07/22/2022,276.22,280.79,270.71,272.24,"10,34,72,856"
07/25/2022,272.22,274.15,267.4,268.43,"6,40,73,518"
07/26/2022,266.51,267.31,256.26,258.86,"6,68,20,768"
07/27/2022,263.81,275.93,261.79,274.82,"8,81,09,997"
07/28/2022,280.07,283.3,272.8,280.9,"8,47,22,998"
07/29/2022,280.7,298.32,279.1,297.15,"9,53,12,880"
08-01-2022,301.28,311.88,295,297.28,"11,70,42,900"
08-02-2022,294,307.83,292.67,300.59,"9,55,77,477"
08-03-2022,305,309.55,301.15,307.4,"8,00,91,115"
08-04-2022,311,313.61,305,308.63,"7,22,56,315"
08-05-2022,302.67,304.61,285.54,288.17,"11,31,72,900"
08-08-2022,295,305.2,289.09,290.42,"9,93,65,283"
08-09-2022,290.29,292.4,279.35,283.33,"8,62,44,687"
08-10-2022,297.07,297.51,283.37,294.36,"9,49,18,854"
08-11-2022,296.51,298.24,285.83,286.63,"7,01,55,058"
08-12-2022,289.42,300.16,285.03,300.03,"7,96,57,288"
08/15/2022,301.79,313.13,301.23,309.32,"8,93,59,170"
08/16/2022,311.67,314.67,302.88,306.56,"8,81,36,301"
08/17/2022,303.4,309.66,300.03,304,"6,87,65,968"
08/18/2022,306,306.5,301.85,302.87,"4,75,00,529"
08/19/2022,299,300.36,292.5,296.67,"6,13,95,391"
08/22/2022,291.91,292.4,286.3,289.91,"5,58,43,345"
08/23/2022,291.45,298.83,287.92,296.45,"6,39,85,048"
08/24/2022,297.56,303.65,296.5,297.1,"5,72,59,708"
08/25/2022,302.36,302.96,291.6,296.07,"5,32,30,008"
08/26/2022,297.43,302,287.47,288.09,"5,71,63,953"
08/29/2022,282.83,287.74,280.7,284.82,"4,18,64,738"
08/30/2022,287.87,288.48,272.65,277.7,"5,05,41,762"
08/31/2022,280.62,281.25,271.81,275.61,"5,21,07,340"
09-01-2022,272.58,277.58,266.15,277.16,"5,42,87,020"
09-02-2022,281.07,282.35,269.08,270.21,"5,08,90,090"
09-06-2022,272.68,275.99,265.74,274.42,"5,58,59,980"
09-07-2022,273.1,283.84,272.27,283.7,"5,00,28,922"
09-08-2022,281.3,289.5,279.76,289.26,"5,37,13,121"
09-09-2022,291.67,299.85,291.25,299.68,"5,44,70,848"
09-12-2022,300.72,305.49,300.4,304.42,"4,86,74,602"
09/13/2022,292.9,297.4,290.4,292.13,"6,82,29,617"
09/14/2022,292.24,306,291.64,302.61,"7,26,28,648"
09/15/2022,301.83,309.12,300.72,303.75,"6,47,95,520"
09/16/2022,299.61,303.71,295.6,303.35,"8,70,87,789"
09/19/2022,300.09,309.84,297.8,309.07,"6,02,31,160"
09/20/2022,306.91,313.33,305.58,308.73,"6,16,42,781"
09/21/2022,308.29,313.8,300.63,300.8,"6,25,55,660"
09/22/2022,299.86,301.29,285.82,288.59,"7,05,45,406"
09/23/2022,283.09,284.5,272.82,275.33,"6,37,48,359"
09/26/2022,271.83,284.09,270.31,276.01,"5,80,76,910"
09/27/2022,283.84,288.67,277.51,282.94,"6,19,25,191"
09/28/2022,283.08,289,277.57,287.81,"5,46,64,809"
09/29/2022,282.76,283.65,265.78,268.21,"7,76,20,641"
09/30/2022,266.15,275.57,262.47,265.25,"6,77,26,602"
10-03-2022,254.5,255.16,241.01,242.4,"9,83,63,539"
10-04-2022,250.52,257.5,242.01,249.44,"10,95,78,492"
10-05-2022,245.01,246.67,233.27,240.81,"8,69,82,672"
10-06-2022,239.44,244.58,235.35,238.13,"6,92,98,438"
10-07-2022,233.94,234.57,222.02,223.07,"8,39,16,797"
10-10-2022,223.93,226.99,218.36,222.96,"6,79,25,023"
10-11-2022,220.95,225.75,215,216.5,"7,70,13,203"
10-12-2022,215.33,219.3,211.51,217.24,"6,68,60,703"
10/13/2022,208.3,222.99,206.22,221.72,"9,14,83,047"
10/14/2022,224.01,226.26,204.16,204.99,"9,41,24,516"
10/17/2022,210.04,221.86,209.45,219.35,"7,94,28,805"
10/18/2022,229.5,229.82,217.25,220.19,"7,58,91,914"
10/19/2022,219.8,222.93,217.78,222.04,"6,65,71,477"
10/20/2022,208.28,215.55,202,207.28,"11,77,98,094"
10/21/2022,206.42,214.66,203.8,214.44,"7,57,13,750"
10/24/2022,205.82,213.5,198.59,211.25,"10,04,46,797"
10/25/2022,210.1,224.35,210,222.42,"9,65,07,875"
10/26/2022,219.4,230.6,218.2,224.64,"8,53,27,078"
10/27/2022,229.77,233.81,222.85,225.09,"6,16,38,820"
10/28/2022,225.4,228.86,216.35,228.52,"6,91,52,391"
10/31/2022,226.19,229.85,221.94,227.54,"6,15,54,340"
11-01-2022,234.05,237.4,227.28,227.82,"6,26,88,820"
11-02-2022,226.04,227.87,214.82,214.98,"6,30,70,289"
11-03-2022,211.36,221.2,210.14,215.31,"5,65,38,848"
11-04-2022,222.6,223.8,203.08,207.47,"9,86,22,211"
11-07-2022,208.65,208.9,196.66,197.08,"9,39,16,523"
11-08-2022,194.02,195.2,186.75,191.3,"12,88,03,398"
11-09-2022,190.78,195.89,177.12,177.59,"12,70,62,703"
11-10-2022,189.9,191,180.03,190.72,"13,27,03,000"
11-11-2022,186,196.52,182.59,195.97,"11,44,03,602"
11/14/2022,192.77,195.73,186.34,190.95,"9,22,26,648"
11/15/2022,195.88,200.82,192.06,194.42,"9,12,93,789"
11/16/2022,191.51,192.57,185.66,186.92,"6,65,67,602"
11/17/2022,183.96,186.16,180.9,183.17,"6,43,35,969"
11/18/2022,185.05,185.19,176.55,180.19,"7,60,48,875"
11/21/2022,175.85,176.77,167.54,167.87,"9,28,82,711"
11/22/2022,168.63,170.92,166.19,169.91,"7,84,52,328"
11/23/2022,173.57,183.62,172.5,183.2,"10,95,36,703"
11/25/2022,185.06,185.2,180.63,182.86,"5,06,72,738"
11/28/2022,179.96,188.5,179,182.92,"9,30,38,148"
11/29/2022,184.99,186.38,178.75,180.83,"8,33,57,109"
11/30/2022,182.43,194.76,180.63,194.7,"10,91,86,398"
12-01-2022,197.08,198.92,191.8,194.7,"8,00,46,211"
12-02-2022,191.78,196.25,191.11,194.86,"7,36,45,922"
12-05-2022,189.44,191.27,180.55,182.45,"9,31,22,672"
12-06-2022,181.22,183.65,175.33,179.82,"9,21,50,812"
12-07-2022,175.03,179.38,172.22,174.04,"8,42,13,281"
12-08-2022,172.2,175.2,169.06,173.44,"9,76,24,484"
12-09-2022,173.84,182.5,173.36,179.05,"10,48,72,305"
12-12-2022,176.1,177.37,167.52,167.82,"10,97,94,492"
12/13/2022,174.87,175.05,156.91,160.95,"17,58,62,703"
12/14/2022,159.25,161.62,155.31,156.8,"14,06,82,297"
12/15/2022,153.44,160.93,153.28,157.67,"12,23,34,492"
12/16/2022,159.64,160.99,150.04,150.23,"13,90,32,188"
12/19/2022,154,155.25,145.82,149.87,"13,93,90,594"
12/20/2022,146.05,148.47,137.66,137.8,"15,95,63,297"
12/21/2022,139.34,141.26,135.89,137.57,"14,54,17,406"
12/22/2022,136,136.63,122.26,125.35,"21,00,90,297"
12/23/2022,126.37,128.62,121.02,123.15,"16,69,89,703"
12/27/2022,117.5,119.67,108.76,109.1,"20,86,43,391"
12/28/2022,110.35,116.27,108.24,112.71,"22,10,70,500"
12/29/2022,120.39,123.57,117.5,121.82,"22,19,23,297"
12/30/2022,119.95,124.48,119.75,123.18,"15,77,77,297"
01-03-2023,118.47,118.8,104.64,108.1,"23,14,02,797"
01-04-2023,109.11,114.59,107.52,113.64,"18,03,88,984"
01-05-2023,110.51,111.75,107.16,110.34,"15,79,86,297"
01-06-2023,103,114.39,101.81,113.06,"22,09,11,109"
01-09-2023,118.96,123.52,117.11,119.77,"19,02,84,000"
01-10-2023,121.07,122.76,114.92,118.85,"16,76,42,500"
01-11-2023,122.09,125.95,120.51,123.22,"18,38,10,797"
01-12-2023,122.56,124.13,117,123.56,"16,94,00,891"
01/13/2023,116.55,122.63,115.6,122.4,"18,07,14,094"
01/17/2023,125.7,131.7,125.02,131.49,"18,64,76,984"
01/18/2023,136.56,136.68,127.01,128.78,"19,56,80,297"
01/19/2023,127.26,129.99,124.31,127.17,"17,02,91,906"
01/20/2023,128.68,133.51,127.35,133.42,"13,88,58,094"
01/23/2023,135.87,145.38,134.27,143.75,"20,31,19,203"
01/24/2023,143,146.5,141.1,143.89,"15,86,99,109"
01/25/2023,141.91,146.41,138.07,144.43,"19,27,34,297"
01/26/2023,159.97,161.42,154.76,160.27,"23,48,15,109"
01/27/2023,162.43,180.68,161.17,177.9,"30,65,90,594"
01/30/2023,178.05,179.77,166.5,166.66,"23,08,78,797"
01/31/2023,164.57,174.3,162.78,173.22,"19,68,13,500"
02-01-2023,173.89,183.81,169.93,181.41,"21,38,06,297"
02-02-2023,187.33,196.75,182.61,188.27,"21,74,48,297"
02-03-2023,183.95,199,183.69,189.98,"23,26,62,000"
02-06-2023,193.01,198.17,189.92,194.76,"18,61,88,094"
02-07-2023,196.43,197.5,189.55,196.81,"18,60,10,297"
02-08-2023,196.1,203,194.31,201.29,"18,06,73,594"
02-09-2023,207.78,214,204.77,207.32,"21,54,31,391"
02-10-2023,202.23,206.2,192.89,196.89,"20,47,54,094"
02/13/2023,194.42,196.3,187.61,194.64,"17,24,75,500"
02/14/2023,191.94,209.82,189.44,209.25,"21,64,55,703"
02/15/2023,211.76,214.66,206.11,214.24,"18,21,08,609"
02/16/2023,210.78,217.65,201.84,202.04,"22,95,86,500"
02/17/2023,199.99,208.44,197.5,208.31,"21,37,38,500"
02/21/2023,204.99,209.71,197.22,197.37,"18,00,18,594"
02/22/2023,197.93,201.99,191.78,200.86,"19,18,28,500"
02/23/2023,203.91,205.14,196.33,202.07,"14,63,60,000"
02/24/2023,196.33,197.67,192.8,196.88,"14,22,28,094"
02/27/2023,202.03,209.42,201.26,207.63,"16,10,28,297"
02/28/2023,210.59,211.23,203.75,205.71,"15,31,44,891"
03-01-2023,206.21,207.2,198.52,202.77,"15,68,52,797"
03-02-2023,186.74,193.75,186.01,190.9,"18,19,79,203"
03-03-2023,194.8,200.48,192.88,197.79,"15,41,93,297"
03-06-2023,198.54,198.6,192.3,193.81,"12,81,00,094"
03-07-2023,191.38,194.2,186.1,187.71,"14,81,25,797"
03-08-2023,185.04,186.5,180,182,"15,18,97,797"
03-09-2023,180.25,185.18,172.51,172.92,"17,00,23,812"
03-10-2023,175.13,178.29,168.44,173.44,"19,14,88,891"
03/13/2023,167.46,177.35,163.91,174.48,"16,77,90,297"
03/14/2023,177.31,183.8,177.14,183.26,"14,37,17,906"
03/15/2023,180.8,182.34,176.03,180.45,"14,59,95,594"
03/16/2023,180.37,185.81,178.84,184.13,"12,13,74,492"
03/17/2023,184.52,186.22,177.33,180.13,"13,31,97,109"
03/20/2023,178.08,186.44,176.35,183.25,"12,96,84,398"
03/21/2023,188.28,198,188.04,197.58,"15,33,91,391"
03/22/2023,199.3,200.66,190.95,191.15,"15,03,76,406"
03/23/2023,195.26,199.31,188.65,192.22,"14,41,93,906"
03/24/2023,191.65,192.36,187.15,190.41,"11,65,31,602"
03/27/2023,194.42,197.39,189.94,191.81,"12,08,51,602"
03/28/2023,192,192.35,185.43,189.19,"9,86,54,641"
03/29/2023,193.13,195.29,189.44,193.88,"12,36,60,000"
03/30/2023,195.58,197.33,194.42,195.28,"11,02,52,203"
03/31/2023,197.53,207.79,197.2,207.46,"17,02,22,094"
04-03-2023,199.91,202.69,192.2,194.77,"16,95,45,906"
04-04-2023,197.32,198.74,190.32,192.58,"12,64,63,797"
04-05-2023,190.52,190.68,183.76,185.52,"13,38,82,500"
04-06-2023,183.08,186.39,179.74,185.06,"12,38,57,906"
04-10-2023,179.94,185.1,176.11,184.51,"14,21,54,594"
04-11-2023,186.69,189.19,185.65,186.79,"11,57,70,898"
04-12-2023,190.74,191.58,180.31,180.54,"15,02,56,297"
04/13/2023,182.96,186.5,180.94,185.9,"11,29,33,000"
04/14/2023,183.95,186.28,182.01,185,"9,64,38,656"
04/17/2023,186.32,189.69,182.69,187.04,"11,66,62,203"
04/18/2023,187.15,187.69,183.58,184.31,"9,20,67,023"
04/19/2023,179.1,183.5,177.65,180.59,"12,57,32,703"
04/20/2023,166.17,169.7,160.56,162.99,"21,09,70,797"
04/21/2023,164.8,166,161.32,165.08,"12,35,39,000"
04/24/2023,164.65,165.65,158.61,162.55,"14,00,06,594"
04/25/2023,159.82,163.47,158.75,160.67,"12,19,99,297"
04/26/2023,160.29,160.67,153.14,153.75,"15,33,64,094"
04/27/2023,152.64,160.48,152.37,160.19,"12,70,15,203"
04/28/2023,160.9,165,157.32,164.31,"12,25,15,797"
05-01-2023,163.17,163.28,158.83,161.83,"10,90,15,000"
05-02-2023,161.88,165.49,158.93,160.31,"12,82,59,695"
05-03-2023,160.01,165,159.91,160.61,"11,97,28,000"
05-04-2023,162.71,162.95,159.65,161.2,"9,51,08,484"
05-05-2023,163.97,170.79,163.51,170.06,"10,76,07,297"
05-08-2023,173.72,173.8,169.19,171.79,"11,22,49,398"
05-09-2023,168.95,169.82,166.56,169.15,"8,89,65,039"
05-10-2023,172.55,174.43,166.68,168.54,"11,98,40,703"
05-11-2023,168.7,173.57,166.79,172.08,"10,38,89,906"
05-12-2023,176.07,177.38,167.23,167.98,"15,78,49,594"
05/15/2023,167.66,169.76,164.55,166.35,"10,55,92,492"
05/16/2023,165.65,169.52,164.35,166.52,"9,82,88,789"
05/17/2023,168.41,174.5,167.19,173.86,"12,54,73,602"
05/18/2023,174.22,177.06,172.45,176.89,"10,95,20,305"
05/22/2023,180.7,189.32,180.11,188.87,"13,20,01,406"
05/23/2023,186.2,192.96,185.26,185.77,"15,69,52,094"
05/24/2023,182.23,184.22,178.22,182.9,"13,76,05,109"
05/25/2023,186.54,186.78,180.58,184.47,"9,68,70,719"
05/26/2023,184.62,198.6,184.53,193.17,"16,20,61,500"
05/30/2023,200.1,204.48,197.53,201.16,"12,88,18,703"
05/31/2023,199.78,203.95,195.12,203.93,"15,07,11,703"
06-01-2023,202.59,209.8,199.37,207.52,"14,80,29,906"
06-02-2023,210.15,217.25,209.75,213.97,"16,43,98,406"
06-05-2023,217.8,221.29,214.52,217.61,"15,11,43,109"
06-06-2023,216.14,221.91,212.53,221.31,"14,69,11,594"
06-07-2023,228,230.83,223.2,224.57,"18,57,10,797"
06-08-2023,224.22,235.23,223.01,234.86,"16,44,89,703"
06-09-2023,249.07,252.42,242.02,244.4,"20,02,42,406"
06-12-2023,247.94,250.97,244.59,249.83,"15,07,40,500"
06/13/2023,253.51,259.68,251.34,258.71,"16,23,84,297"
06/14/2023,260.17,261.57,250.5,256.79,"17,05,75,500"
06/15/2023,248.4,258.95,247.29,255.9,"16,01,71,203"
06/16/2023,258.92,263.6,257.21,260.54,"16,79,15,594"
06/20/2023,261.5,274.75,261.12,274.45,"16,56,11,203"
06/21/2023,275.13,276.99,257.78,259.46,"21,17,97,109"
06/22/2023,250.77,265,248.25,264.61,"16,68,75,906"
06/23/2023,259.29,262.45,252.8,256.6,"17,74,60,797"
06/26/2023,250.07,258.37,240.7,241.05,"17,99,90,594"
06/27/2023,243.24,250.39,240.85,250.21,"16,49,68,188"
06/28/2023,249.7,259.88,248.89,256.24,"15,97,70,797"
06/29/2023,258.03,260.74,253.61,257.5,"13,12,83,406"
06/30/2023,260.6,264.45,259.89,261.77,"11,26,20,797"
07-03-2023,276.49,284.25,275.11,279.82,"11,89,99,000"
07-05-2023,278.82,283.85,277.6,282.48,"13,15,30,891"
07-06-2023,278.09,279.97,272.88,276.54,"12,07,07,398"
07-07-2023,278.43,280.78,273.77,274.43,"11,38,79,203"
07-10-2023,276.47,277.52,265.1,269.61,"11,94,25,398"
07-11-2023,268.65,270.9,266.37,269.79,"9,19,72,359"
07-12-2023,276.33,276.52,271.46,271.99,"9,56,72,141"
07/13/2023,274.59,279.45,270.6,277.9,"11,26,81,508"
07/14/2023,277.01,285.3,276.31,281.38,"12,00,62,398"
07/17/2023,286.63,292.23,283.57,290.38,"13,15,69,594"
07/18/2023,290.15,295.26,286.01,293.34,"11,24,34,703"
07/19/2023,296.04,299.29,289.52,291.26,"14,23,55,391"
07/20/2023,279.56,280.93,261.2,262.9,"17,51,58,297"
07/21/2023,268,268,255.8,260.02,"16,17,96,094"
07/24/2023,255.85,269.85,254.12,269.06,"13,70,04,984"
07/25/2023,272.38,272.9,265,265.28,"11,27,57,297"
07/26/2023,263.25,268.04,261.75,264.35,"9,58,56,180"
07/27/2023,268.31,269.13,255.3,255.71,"10,36,97,297"
07/28/2023,259.86,267.25,258.23,266.44,"11,14,46,000"
07/31/2023,267.48,269.08,263.78,267.43,"8,45,82,172"
08-01-2023,266.26,266.47,260.25,261.07,"8,36,45,719"
08-02-2023,255.57,259.52,250.49,254.11,"10,17,52,898"
08-03-2023,252.04,260.49,252,259.32,"9,78,29,555"
08-04-2023,260.97,264.77,253.11,253.86,"9,95,39,914"
08-07-2023,251.45,253.65,242.76,251.45,"11,10,97,906"
08-08-2023,247.45,250.92,245.01,249.7,"9,66,42,180"
08-09-2023,250.87,251.1,241.9,242.19,"10,15,96,305"
08-10-2023,245.4,251.8,243,245.34,"10,94,98,602"
08-11-2023,241.77,243.79,238.02,242.65,"9,90,38,641"
08/14/2023,235.7,240.66,233.75,239.76,"9,85,95,328"
08/15/2023,238.73,240.5,232.61,232.96,"8,81,97,602"
08/16/2023,228.02,233.97,225.38,225.6,"11,24,84,492"
08/17/2023,226.06,226.74,218.83,219.22,"12,07,18,398"
08/18/2023,214.12,217.58,212.36,215.49,"13,62,76,609"
08/21/2023,221.55,232.13,220.58,231.28,"13,57,02,703"
08/22/2023,240.25,240.82,229.55,233.19,"13,05,97,906"
08/23/2023,229.34,238.98,229.29,236.86,"10,10,77,602"
08/24/2023,238.66,238.92,228.18,230.04,"9,97,77,430"
08/25/2023,231.31,239,230.35,238.59,"10,66,12,203"
08/28/2023,242.58,244.38,235.35,238.82,"10,76,73,695"
08/29/2023,238.58,257.48,237.77,257.18,"13,40,47,594"
08/30/2023,254.2,260.51,250.59,256.9,"12,19,88,398"
08/31/2023,255.98,261.18,255.05,258.08,"10,88,61,695"
09-01-2023,257.26,259.08,242.01,245.01,"13,25,41,594"
09-05-2023,245,258,244.86,256.49,"12,94,69,602"
09-06-2023,255.14,255.39,245.06,251.92,"11,69,59,797"
09-07-2023,245.07,252.81,243.27,251.49,"11,53,12,898"
09-08-2023,251.22,256.52,246.67,248.5,"11,85,59,602"
09-11-2023,264.27,274.85,260.61,273.58,"17,46,67,906"
09-12-2023,270.76,278.39,266.6,267.48,"13,59,99,906"
09/13/2023,270.07,274.98,268.1,271.3,"11,16,73,695"
09/14/2023,271.32,276.71,270.42,276.04,"10,77,09,797"
09/15/2023,277.55,278.98,271,274.39,"13,36,92,297"
09/18/2023,271.16,271.44,263.76,265.28,"10,15,43,297"
09/19/2023,264.35,267.85,261.2,266.5,"10,37,04,000"
09/20/2023,267.04,273.93,262.46,262.59,"12,25,14,602"
09/21/2023,257.85,260.86,254.21,255.7,"11,99,51,508"
09/22/2023,257.4,257.79,244.48,244.88,"12,75,24,094"
09/25/2023,243.38,247.1,238.31,246.99,"10,46,36,602"
09/26/2023,242.98,249.55,241.66,244.12,"10,19,93,602"
09/27/2023,244.26,245.33,234.58,240.5,"13,65,97,203"
09/28/2023,240.02,247.55,238.65,246.38,"11,70,58,898"
09/29/2023,250,254.77,246.35,250.22,"12,85,22,703"
10-02-2023,244.81,254.28,242.62,251.6,"12,38,10,398"
10-03-2023,248.61,250.02,244.45,246.53,"10,19,85,297"
10-04-2023,248.14,261.86,247.6,261.16,"12,97,21,602"
10-05-2023,260,263.6,256.25,260.05,"11,91,59,203"
10-06-2023,253.98,261.65,250.65,260.53,"11,81,21,797"
10-09-2023,255.31,261.36,252.05,259.67,"10,13,77,906"
10-10-2023,257.75,268.94,257.65,263.62,"12,26,56,000"
10-11-2023,266.2,268.6,260.9,262.99,"10,37,06,305"
10-12-2023,262.92,265.41,256.63,258.87,"11,15,08,094"
10/13/2023,258.9,259.6,250.22,251.12,"10,22,96,797"
10/16/2023,250.05,255.4,248.48,253.92,"8,89,17,188"
10/17/2023,250.1,257.18,247.08,254.85,"9,35,62,914"
10/18/2023,252.7,254.63,242.08,242.68,"12,51,47,797"
10/19/2023,225.95,230.61,216.78,220.11,"17,07,72,703"
10/20/2023,217.01,218.86,210.42,211.99,"13,80,10,094"
10/23/2023,210,216.98,202.51,212.08,"15,06,83,391"
10/24/2023,216.5,222.05,214.11,216.52,"11,82,31,102"
10/25/2023,215.88,220.1,212.2,212.42,"10,70,65,102"
10/26/2023,211.32,214.8,204.88,205.76,"11,51,12,602"
10/27/2023,210.6,212.41,205.77,207.3,"9,48,81,172"
10/30/2023,209.28,210.88,194.67,197.36,"13,64,48,188"
10/31/2023,196.12,202.8,194.07,200.84,"11,80,68,305"
11-01-2023,204.04,205.99,197.85,205.66,"12,16,61,695"
11-02-2023,212.97,219.2,211.45,218.51,"12,59,87,602"
11-03-2023,221.15,226.37,218.4,219.96,"11,95,34,797"
11-06-2023,223.98,226.32,215,219.27,"11,73,35,797"
11-07-2023,219.98,223.12,215.72,222.18,"11,69,00,094"
11-08-2023,223.15,224.15,217.64,222.11,"10,65,84,797"
11-09-2023,219.75,220.8,206.68,209.98,"14,21,10,500"
11-10-2023,210.03,215.38,205.69,214.65,"13,13,10,094"
11/13/2023,215.6,225.4,211.61,223.71,"14,04,47,594"
11/14/2023,235.03,238.14,230.72,237.41,"14,97,71,594"
11/15/2023,239.29,246.7,236.45,242.84,"15,03,54,000"
11/16/2023,239.49,240.88,230.96,233.59,"13,68,16,797"
11/17/2023,232,237.39,226.54,234.3,"14,27,66,203"
11/20/2023,234.04,237.1,231.02,235.6,"11,65,62,398"
11/21/2023,235.04,243.62,233.34,241.2,"12,22,88,000"
11/22/2023,242.04,244.01,231.4,234.21,"11,81,17,102"
11/24/2023,233.75,238.75,232.33,235.45,"6,51,25,199"
11/27/2023,236.89,238.33,232.1,236.08,"11,20,31,797"
11/28/2023,236.68,247,234.01,246.72,"14,85,49,906"
11/29/2023,249.21,252.75,242.76,244.14,"13,54,01,297"
11/30/2023,245.14,245.22,236.91,240.08,"13,23,53,203"
12-01-2023,233.14,240.19,231.9,238.83,"12,13,31,695"
12-04-2023,235.75,239.37,233.29,235.58,"10,40,99,797"
12-05-2023,233.87,246.66,233.7,238.72,"13,79,71,109"
12-06-2023,242.92,246.57,239.17,239.37,"12,64,36,203"
12-07-2023,241.55,244.08,236.98,242.64,"10,71,42,305"
12-08-2023,240.27,245.27,239.27,243.84,"10,31,26,797"
12-11-2023,242.74,243.44,237.45,239.74,"9,79,13,891"
12-12-2023,238.55,238.99,233.87,237.01,"9,53,28,312"
12/13/2023,234.19,240.3,228.2,239.29,"14,62,86,297"
12/14/2023,241.22,253.88,240.79,251.05,"16,08,29,203"
12/15/2023,251.21,254.13,248.3,253.5,"13,59,32,797"
12/18/2023,253.78,258.74,251.36,252.08,"11,64,16,492"
12/19/2023,253.48,258.34,253.01,257.22,"10,67,37,398"
12/20/2023,256.41,259.84,247,247.14,"12,50,97,000"
12/21/2023,251.9,254.8,248.55,254.5,"10,95,94,203"
12/22/2023,256.76,258.22,251.37,252.54,"9,33,70,086"
12/26/2023,254.49,257.97,252.91,256.61,"8,68,92,383"
12/27/2023,258.35,263.34,257.52,261.44,"10,64,94,398"
12/28/2023,263.66,265.13,252.71,253.18,"11,36,19,906"
12/29/2023,255.1,255.19,247.43,248.48,"10,08,91,602"
01-02-2024,250.08,251.25,244.41,248.42,"10,46,54,203"
01-03-2024,244.98,245.68,236.32,238.45,"12,10,82,602"
01-04-2024,239.25,242.7,237.73,237.93,"10,26,29,297"
01-05-2024,236.86,240.12,234.9,237.49,"9,24,88,945"
01-08-2024,236.14,241.25,235.3,240.45,"8,51,66,578"
01-09-2024,238.11,238.96,232.04,234.96,"9,67,05,664"
01-10-2024,235.1,235.5,231.29,233.94,"9,16,28,492"
01-11-2024,230.57,230.93,225.37,227.22,"10,58,73,602"
01-12-2024,220.08,225.34,217.15,218.89,"12,30,43,797"
01/16/2024,215.1,223.49,212.18,219.91,"11,53,55,000"
01/17/2024,214.86,215.67,212.01,215.55,"10,31,64,398"
01/18/2024,216.88,217.45,208.74,211.88,"10,85,95,398"
01/19/2024,209.99,213.19,207.56,212.19,"10,22,60,305"
01/22/2024,212.26,217.8,206.27,208.8,"11,79,52,492"
01/23/2024,211.3,215.65,207.75,209.14,"10,66,05,906"
01/24/2024,211.88,212.73,206.77,207.83,"12,33,69,906"
01/25/2024,189.7,193,180.06,182.63,"19,80,76,797"
01/26/2024,185.5,186.78,182.1,183.25,"10,73,43,203"
01/29/2024,185.63,191.48,183.67,190.93,"12,50,13,102"
01/30/2024,195.33,196.36,190.61,191.59,"10,99,82,305"
01/31/2024,187,193.97,185.85,187.29,"10,32,21,398"
02-01-2024,188.5,189.88,184.28,188.86,"9,18,43,281"
02-02-2024,185.04,188.69,182,187.91,"11,06,12,703"
02-05-2024,184.26,184.68,175.01,181.06,"13,42,94,406"
02-06-2024,177.21,186.49,177.11,185.1,"12,26,76,000"
02-07-2024,188.18,189.79,182.68,187.58,"11,15,35,203"
02-08-2024,189,191.62,185.58,189.56,"8,30,34,039"
02-09-2024,190.18,194.12,189.48,193.57,"8,44,76,352"
02-12-2024,192.11,194.73,187.28,188.13,"9,54,98,602"
02/13/2024,183.99,187.26,182.11,184.02,"8,67,59,477"
02/14/2024,185.3,188.89,183.35,188.71,"8,12,02,992"
02/15/2024,189.16,200.88,188.86,200.45,"12,08,31,797"
02/16/2024,202.06,203.17,197.4,199.95,"11,13,46,703"
02/20/2024,196.13,198.6,189.13,193.76,"10,45,45,797"
02/21/2024,193.36,199.44,191.95,194.77,"10,38,44,000"
02/22/2024,194,198.32,191.36,197.41,"9,27,39,453"
02/23/2024,195.31,197.57,191.5,191.97,"7,88,41,922"
02/26/2024,192.29,201.78,192,199.4,"11,17,47,102"
02/27/2024,204.04,205.6,198.26,199.73,"10,86,45,398"
02/28/2024,200.42,205.3,198.44,202.04,"9,98,06,172"
02/29/2024,204.18,205.28,198.45,201.88,"8,59,06,969"
03-01-2024,200.52,204.52,198.5,202.64,"8,22,43,117"
03-04-2024,198.73,199.75,186.72,188.14,"13,43,34,891"
03-05-2024,183.05,184.59,177.57,180.74,"11,96,60,797"
03-06-2024,179.99,181.58,173.7,176.54,"10,79,20,898"
03-07-2024,174.35,180.04,173.7,178.65,"10,21,29,000"
03-08-2024,181.5,182.73,174.7,175.34,"8,55,44,641"
03-11-2024,175.45,182.87,174.8,177.77,"8,53,91,531"
03-12-2024,177.77,179.43,172.41,177.54,"8,73,91,680"
03/13/2024,173.05,176.05,169.15,169.48,"10,65,24,492"
03/14/2024,167.77,171.17,160.51,162.5,"12,63,25,695"
03/15/2024,163.16,165.18,160.76,163.57,"9,71,46,828"
03/18/2024,170.02,174.72,165.9,173.8,"10,82,14,398"
03/19/2024,172.36,172.82,167.42,171.32,"7,72,71,430"
03/20/2024,173,176.25,170.82,175.66,"8,38,46,727"
03/21/2024,176.39,178.18,171.8,172.82,"7,31,78,008"
03/22/2024,166.69,171.2,166.3,170.83,"7,55,80,641"
03/25/2024,168.76,175.24,168.73,172.63,"7,42,28,625"
03/26/2024,178.58,184.25,177.38,177.67,"11,31,86,203"
03/27/2024,181.41,181.91,176,179.83,"8,18,04,039"
03/28/2024,177.45,179.57,175.3,175.79,"7,76,54,844"
04-01-2024,176.17,176.75,170.21,175.22,"8,15,62,125"
04-02-2024,164.75,167.69,163.43,166.63,"11,66,50,602"
04-03-2024,164.02,168.82,163.28,168.38,"8,29,50,141"
04-04-2024,170.07,177.19,168.01,171.11,"12,31,62,000"
04-05-2024,169.08,170.86,160.51,164.9,"14,31,57,594"
04-08-2024,169.34,174.5,167.79,172.98,"10,44,23,297"
04-09-2024,172.91,179.22,171.92,176.88,"10,32,32,703"
04-10-2024,173.04,174.93,170.01,171.76,"8,45,32,406"
04-11-2024,172.55,175.88,168.51,174.6,"9,45,15,992"
04-12-2024,172.34,173.81,170.36,171.05,"6,47,22,672"
04/15/2024,170.24,170.69,161.38,161.48,"10,02,45,297"
04/16/2024,156.74,158.19,153.75,157.11,"9,69,99,961"
04/17/2024,157.64,158.33,153.78,155.45,"8,24,39,719"
04/18/2024,151.25,152.2,148.7,149.93,"9,60,98,828"
04/19/2024,148.97,150.94,146.22,147.05,"8,70,74,492"
04/22/2024,140.56,144.44,138.8,142.05,"10,70,97,602"
04/23/2024,143.33,147.26,141.11,144.68,"12,45,45,102"
04/24/2024,162.84,167.97,157.51,162.13,"18,11,78,000"
04/25/2024,158.96,170.88,158.36,170.18,"12,64,27,508"
04/26/2024,168.85,172.12,166.37,168.29,"10,98,15,695"
04/29/2024,188.42,198.87,184.54,194.05,"24,38,69,703"
04/30/2024,186.98,190.95,182.84,183.28,"12,70,31,797"
05-01-2024,182,185.86,179.01,179.99,"9,28,29,719"
05-02-2024,182.86,184.6,176.02,180.01,"8,91,48,039"
05-03-2024,182.1,184.78,178.42,181.19,"7,54,91,539"
05-06-2024,183.8,187.56,182.2,184.76,"8,43,90,250"
05-07-2024,182.4,183.26,177.4,177.81,"7,50,45,852"
05-08-2024,171.59,176.06,170.15,174.72,"7,99,69,484"
05-09-2024,175.01,175.62,171.37,171.97,"6,59,50,289"
05-10-2024,173.05,173.06,167.75,168.47,"7,26,27,188"
05/13/2024,170,175.4,169,171.89,"6,70,18,898"
05/14/2024,174.5,179.49,174.07,177.55,"8,64,07,422"
05/15/2024,179.9,180,173.11,173.99,"7,96,62,992"
05/16/2024,174.1,175.79,171.43,174.84,"5,98,12,219"
05/17/2024,173.55,179.63,172.75,177.46,"7,74,45,852"
05/20/2024,177.56,177.75,173.52,174.95,"6,17,27,434"
