Date,Open,High,Low,Close,Shares Traded,Turnover(â‚¹ Cr)
01-Jan-18,10990.45,10998.2,10884.85,10897.75,280255426,10064.06
02-Jan-18,10941.6,10959,10854.45,10899.3,360492746,12449.1
03-Jan-18,10942.45,10968.95,10894.4,10910.05,338608508,12932.12
04-Jan-18,10938.3,10990.5,10907.9,10982.15,389091952,13751.1
05-Jan-18,11015.05,11056.65,11004.8,11051.25,423432093,15598.21
08-Jan-18,11084,11127.8,11082,11120.55,323211782,13548.72
09-Jan-18,11142.35,11155.05,11088.55,11125,378713598,14580
10-Jan-18,11140.85,11143.85,11076.8,11117.45,337237167,13931.99
11-Jan-18,11121.9,11148.2,11092.2,11132.4,282863925,12740.48
12-Jan-18,11165.05,11173.4,11067.6,11159.1,325389855,14917.22
15-Jan-18,11196.15,11255.7,11192.1,11207.75,296441491,14266.74
16-Jan-18,11229.6,11229.95,11127.6,11142.8,374414462,16345.67
17-Jan-18,11144.75,11246.15,11086.8,11232.75,423295208,18228.12
18-Jan-18,11316.85,11329.4,11190.9,11234.5,499437945,22119.67
19-Jan-18,11246.2,11328.25,11208.8,11315.75,345296798,15057.82
22-Jan-18,11308,11399.6,11302.65,11391.2,358043949,17912.11
23-Jan-18,11422.95,11515.75,11420,11506.65,486725145,21299.59
24-Jan-18,11489.05,11528.4,11456.95,11497.45,509266824,22630.31
25-Jan-18,11509.7,11509.7,11414.75,11459.05,651824123,26662
29-Jan-18,11474.3,11552.8,11471.8,11505.45,396135002,20062.87
30-Jan-18,11494.95,11494.95,11408.5,11424.6,370817898,16806.61
31-Jan-18,11393.75,11430.85,11338.85,11393.55,430982837,19107.69
01-Feb-18,11414.3,11483,11232.05,11385.15,497349398,22726.99
02-Feb-18,11300.85,11316.3,11087.8,11111.2,547115606,22768.62
05-Feb-18,10951.25,11060.45,10929.4,11023.85,439821754,18471.88
06-Feb-18,10630.25,10944.15,10610.75,10851.65,501977947,20875.3
07-Feb-18,10969.2,10977.6,10814.35,10844.7,441988232,18178.74
08-Feb-18,10887.1,11017.75,10851.85,10958.95,413051747,16842.99
09-Feb-18,10787.95,10871.35,10771.85,10846.1,368031837,14499.36
12-Feb-18,10916.15,10960.35,10884.15,10945.15,425753702,15505.96
14-Feb-18,10994.85,10998.5,10864,10908.15,481060019,17437.1
15-Feb-18,10945,11013.8,10898.9,10932.05,519827703,16630.02
16-Feb-18,10984.05,11000.8,10809.35,10831.35,486366602,15466.36
19-Feb-18,10866.85,10867.25,10670.65,10748.35,459038291,14584.84
20-Feb-18,10761.05,10805.2,10725.5,10740,461178937,14299.45
21-Feb-18,10806.05,10806.35,10722.3,10765.5,425541321,16822.37
22-Feb-18,10725.3,10755.4,10705.05,10737.35,557979122,22925.17
23-Feb-18,10766.25,10866.7,10755.1,10857.85,398057793,16651.08
26-Feb-18,10899.05,10963.45,10893.5,10953.8,356566208,14133.8
27-Feb-18,10986.55,11004.25,10905.4,10922.75,527268571,15593.48
28-Feb-18,10855.1,10903.25,10826.9,10861.4,700317465,22407.71
01-Mar-18,10850.7,10899.6,10808.55,10820,435135129,14332.56
05-Mar-18,10788.25,10788.5,10676.15,10714.6,410024455,14670.83
06-Mar-18,10779.95,10802.3,10570.6,10603.1,406858292,15993.73
07-Mar-18,10586.05,10600,10487.85,10501.4,462668017,16256.49
08-Mar-18,10566.05,10605.7,10476.45,10578,431537945,15677.66
09-Mar-18,10610.6,10637.45,10548.4,10564.55,379762567,13588.41
12-Mar-18,10642.65,10759.3,10635.15,10747.65,412334540,14593.88
13-Mar-18,10719.05,10816,10710.75,10772.05,534054740,28719.17
14-Mar-18,10734.45,10769.05,10685.6,10760,408496159,13529.98
15-Mar-18,10754.95,10775.95,10701.35,10716.05,349048310,12200.79
16-Mar-18,10700.75,10701.75,10541.45,10556.2,573959782,24020.57
19-Mar-18,10578.45,10587.05,10425.1,10444.05,425237389,15021.17
20-Mar-18,10398.7,10507.45,10396.4,10478.15,384532030,14487.39
21-Mar-18,10536.2,10585.95,10488.8,10511.75,362479240,14529.47
22-Mar-18,10522.9,10564.55,10461.5,10470.4,373226878,14718.89
23-Mar-18,10318.55,10380.9,10301.95,10357.6,490494903,18516.51
26-Mar-18,10351.95,10511.05,10324.45,10497.55,453075728,16800.79
27-Mar-18,10558.3,10578.65,10510.05,10556.6,406806347,15306.38
28-Mar-18,10515.4,10530.6,10463.95,10478.4,600528901,25270.83
02-Apr-18,10521.45,10604.75,10497.2,10596,,
03-Apr-18,10574.25,10654.4,10561.65,10643.9,371905422,14059.75
04-Apr-18,10674.6,10683.9,10506.9,10523.6,411295991,15753.81
05-Apr-18,10628.7,10732.9,10627.7,10726.25,400743032,15547.23
06-Apr-18,10726.3,10766,10690.85,10750.35,371748825,14030.17
09-Apr-18,10752.4,10811.4,10747.2,10792.6,385095557,14105.24
10-Apr-18,10829.15,10839.6,10788.55,10810.45,406210984,15034.73
11-Apr-18,10837,10837,10764.9,10826.15,392061410,15045.44
12-Apr-18,10819.45,10874.35,10802.2,10860.35,367533883,15177.04
13-Apr-18,10896.75,10923.6,10849.5,10879.35,362095016,15799.86
16-Apr-18,10800.5,10939.5,10798.75,10928.95,318621231,14139.54
17-Apr-18,10960.75,10961.4,10896.25,10950.05,338399461,13423.24
18-Apr-18,10981.65,10995.4,10910.7,10928.45,355484819,13058.54
19-Apr-18,10968.55,10981.05,10951.45,10974.75,416527311,16031.33
20-Apr-18,10967,10982.75,10928.95,10966.85,389973344,18348.28
23-Apr-18,10993.9,11043.9,10927.7,10993.3,329747006,16688.62
24-Apr-18,10988.3,11041.85,10976.4,11022.35,358339161,16066.29
25-Apr-18,11021.35,11023.3,10944.9,10980.55,354159041,15311.97
26-Apr-18,10999.05,11029.05,10967.2,11018.75,552322800,23749.01
27-Apr-18,11056.05,11122.25,11052.4,11095,444774594,20296.34
30-Apr-18,11112.2,11163.15,11110.55,11145.9,292987182,13350.04
02-May-18,11191.6,11191.95,11076.7,11105.9,379374134,18628.76
03-May-18,11106.05,11106.25,11017.3,11051.1,337216435,15982.94
04-May-18,11073.05,11073.05,10972,10986.5,328858475,13099.05
07-May-18,11023.9,11094.35,11005.2,11085.05,277116984,12114.77
08-May-18,11126.65,11127.6,11057.7,11082.2,423364425,16179.04
09-May-18,11057.8,11121.75,11055.1,11095,329926740,13342.74
10-May-18,11131.15,11138,11040.8,11052.5,336397487,13737.44
11-May-18,11079.75,11137.45,11052.85,11131.95,410588303,14127.63
14-May-18,11143.35,11158,11095.9,11124.1,331029514,12814.1
15-May-18,11128.9,11248.95,11088.35,11113.7,457927824,18179.45
16-May-18,11062.95,11107.75,11007.6,11058.7,466052565,15467.25
17-May-18,11094.15,11095.45,10988.65,11006.9,407192090,16371.91
18-May-18,10998.75,11000.2,10899.4,10908.05,396170251,17589.57
21-May-18,10927.75,10932.35,10803.8,10814.6,379611092,15407.54
22-May-18,10816.3,10863.05,10787.05,10852.8,487345958,16752.86
23-May-18,10839.35,10852.9,10737.55,10750.55,487378999,17277.19
24-May-18,10785.85,10849.45,10734.7,10827.25,479807196,16847.82
25-May-18,10849.4,10954.4,10838.95,10934,458364442,17181.11
28-May-18,10981.3,11051.65,10974.8,11033.55,434343083,16031.74
29-May-18,11034.35,11065.05,10962.55,10983.3,472993464,16450.17
30-May-18,10925.55,10996.7,10910.85,10961.6,440087878,16463.08
31-May-18,11016.35,11089.1,10961.4,11064.15,968520034,41035.92
01-Jun-18,11068.3,11096.95,11001,11013.85,407913564,16591.86
04-Jun-18,11083.35,11087.1,10931.45,10940.05,384246976,17737.75
05-Jun-18,10941.7,10944.25,10852.2,10892.85,363062530,13470.57
06-Jun-18,10903.2,11010.1,10889.65,10997.2,366431422,13297.76
07-Jun-18,11037.9,11134.5,11037.9,11091.95,404957186,14617.61
08-Jun-18,11059.3,11108.6,11035.95,11098.25,409987829,15976.9
11-Jun-18,11115.7,11179.6,11106.3,11116.2,397366998,14798.91
12-Jun-18,11144.4,11189.9,11119.35,11176.7,377012998,15391.47
13-Jun-18,11219.75,11226,11176.05,11185.9,393342965,16520.25
14-Jun-18,11165.35,11166,11101.4,11139.95,342099427,14976.51
15-Jun-18,11139.25,11162.15,11078.3,11136.3,500694338,23576.81
18-Jun-18,11148.4,11148.4,11102.75,11112.9,324749555,13767.26
19-Jun-18,11100.4,11100.4,11012.45,11021.95,379700828,15507.72
20-Jun-18,11047.85,11087.5,11030.95,11076.05,357334883,14364.83
21-Jun-18,11113.25,11115,11025.9,11039.95,370538278,15438.27
22-Jun-18,11041.15,11134.45,11001.05,11119.65,376245742,16635.58
25-Jun-18,11120.95,11127.6,11034.95,11045.45,386836056,14989.17
26-Jun-18,11025.6,11091.4,11016.1,11054.1,406789001,15784
27-Jun-18,11072.1,11072.1,10927.9,10946.7,429810297,17441.57
28-Jun-18,10934.8,10951.35,10827.15,10855,590628884,24695.36
29-Jun-18,10884.15,11000.2,10883.65,10993.45,430645792,18275.85
02-Jul-18,11013.1,11015.6,10874.95,10929.85,473960827,16763.29
03-Jul-18,10940.75,10985.65,10899.1,10974.2,357455313,13956.57
04-Jul-18,10986,11040.6,10944.2,11033,323739944,14928.07
05-Jul-18,11049.65,11049.65,10989.95,11008.6,373025504,17096.39
06-Jul-18,11001.65,11084.8,10991.8,11037.2,440793364,17691.78
09-Jul-18,11104.5,11126.35,11074.05,11119.55,319652804,13321.19
10-Jul-18,11170.7,11227.75,11147.65,11218.65,360525058,16376.26
11-Jul-18,11225.75,11244.25,11191.75,11206.85,380359896,19245.6
12-Jul-18,11266.05,11333.8,11258.95,11269.7,420882166,19422.2
13-Jul-18,11302.75,11313.95,11240.05,11258.7,401352596,17825.38
16-Jul-18,11260.75,11261.05,11140.25,11151.1,383047338,16985.07
17-Jul-18,11155.65,11240.9,11138.85,11230.7,441959532,16536.43
18-Jul-18,11283.25,11298.2,11163.95,11189.1,553896048,18311
19-Jul-18,11209.45,11214.5,11137.95,11160.5,500414998,16397.75
20-Jul-18,11166.45,11232.35,11145.95,11215.8,374909768,17383.42
23-Jul-18,11230,11314.9,11222.05,11306.95,442525231,19181.87
24-Jul-18,11332.85,11395.15,11329.1,11389.2,545620992,20399.88
25-Jul-18,11404.9,11413.15,11364.8,11385.5,469790676,17500.71
26-Jul-18,11390.45,11450.7,11388,11431.15,699517047,28770.23
27-Jul-18,11495.8,11547.3,11476.8,11542.35,591432626,19725.86
30-Jul-18,11564.4,11602.1,11527.85,11594.75,601952703,20089.5
31-Jul-18,11585.2,11643.1,11541.45,11633.85,553326367,21332.65
01-Aug-18,11640.9,11670.2,11592,11629.65,581070772,20025.21
02-Aug-18,11613.1,11613.1,11524.65,11535.6,442211411,17235.28
03-Aug-18,11588.15,11655.9,11585.8,11648.85,457290767,17476.64
06-Aug-18,11689.8,11714.8,11659.1,11674.25,407974204,15471.58
07-Aug-18,11710.35,11715.9,11643.1,11675.5,537761961,17637.24
08-Aug-18,11698.85,11741.1,11663.1,11731.75,450989684,16614.55
09-Aug-18,11773.2,11775.35,11735.9,11756.15,534443264,20210.21
10-Aug-18,11761.15,11763.45,11695.7,11707.35,541009898,19625.25
13-Aug-18,11645.95,11681.25,11612.5,11624.65,426249079,16720.62
14-Aug-18,11651.15,11717.8,11642.6,11703.4,392877490,17702.67
16-Aug-18,11665,11718.8,11628.9,11647.75,470570618,20864.91
17-Aug-18,11701.9,11758.9,11697.45,11747.2,398342324,17215.44
20-Aug-18,11782.05,11847.55,11779.75,11838.15,432622960,18429.75
21-Aug-18,11864.7,11870.65,11828.4,11862.1,398103951,18005.78
23-Aug-18,11910.75,11910.75,11839.3,11881.4,432007236,20774.28
24-Aug-18,11865.2,11901.95,11824.15,11856.2,455729120,17745.2
27-Aug-18,11905.5,11997.75,11895.95,11989.35,403961101,16486.1
28-Aug-18,12028.5,12056.85,12001.45,12028.3,421365193,18180.68
29-Aug-18,12036.75,12047.1,11986.95,11998.6,514214498,20377.61
30-Aug-18,12002.25,12007.55,11954.65,11991.15,597547976,24704.31
31-Aug-18,11993.05,12049.1,11959.7,12003.1,636312047,26450.63
03-Sep-18,12075.8,12075.8,11888.5,11904.35,466166979,20836.08
04-Sep-18,11917.6,11923.1,11771.8,11798.95,477602670,21342.47
05-Sep-18,11789.1,11816.85,11657.15,11751.05,606042210,21349.12
06-Sep-18,11792.25,11838.45,11710.95,11815.4,499894777,21199.75
07-Sep-18,11838.2,11893.75,11767.2,11879.9,552913242,23388.32
10-Sep-18,11860.9,11867.25,11706.7,11717.95,493368544,21193.9
11-Sep-18,11757.15,11759.45,11541.8,11555.2,547313340,23796.06
12-Sep-18,11604.55,11648,11508.5,11635.2,533033916,21055.91
14-Sep-18,11711.2,11800.2,11707.3,11791.7,483721928,21335.08
17-Sep-18,11740.8,11740.8,11645.6,11656.5,385513868,15762.79
18-Sep-18,11659,11690.95,11535.5,11546.15,564873683,19421.55
19-Sep-18,11595,11602.2,11471.6,11499.85,532690349,20323.75
21-Sep-18,11539.6,11610.05,11073.95,11387.55,1129401189,42767.19
24-Sep-18,11412.35,11416.95,11163.7,11185.55,644807335,27761.83
25-Sep-18,11185.6,11304.7,11089.2,11287.6,727009003,28417.13
26-Sep-18,11370.35,11370.35,11218.15,11279.5,612154047,22277.65
27-Sep-18,11305.2,11313.85,11164.6,11186.7,704063791,28591.82
28-Sep-18,11221.55,11247.25,11039.35,11126.4,715947003,28536.89
01-Oct-18,11123.95,11224.1,11002.25,11197.05,616339911,25218.31
03-Oct-18,11172.1,11177.4,11029.35,11045.8,622050396,26425.83
04-Oct-18,10938.75,10938.75,10742.5,10794.3,653027369,28829.04
05-Oct-18,10711.3,10735.85,10454.95,10510.05,847949244,29706.09
08-Oct-18,10502.05,10587.4,10373.15,10523.8,678303671,26571.51
09-Oct-18,10566.7,10576.65,10433.2,10473.55,659327711,23075.37
10-Oct-18,10505.75,10678.85,10496.7,10657.8,601087367,24685.52
11-Oct-18,10360.8,10537.95,10329.05,10432.05,682772633,26409.36
12-Oct-18,10532.25,10692.1,10523.3,10671.3,521872348,22732.14
15-Oct-18,10722.4,10725.45,10607.35,10712.6,392646214,17809.2
16-Oct-18,10751.75,10813.65,10729.5,10796.1,411420766,19013.95
17-Oct-18,10900.6,10922.95,10632.9,10648.7,458930781,21315.58
19-Oct-18,10541.05,10586.75,10449.35,10504.05,570138805,25478.9
22-Oct-18,10606.1,10608.65,10424.35,10445.85,453438974,20921.4
23-Oct-18,10354.15,10423.65,10294.85,10341.55,452077911,21705.09
24-Oct-18,10468.15,10481.95,10313.5,10415.4,525590536,23530.54
25-Oct-18,10319.35,10351.5,10267.6,10307.7,776712468,29000.6
26-Oct-18,10308.8,10321.8,10186,10225.3,578224558,20550.28
29-Oct-18,10272.7,10473.75,10213,10452.8,552310007,21871.98
30-Oct-18,10444.05,10491.85,10387.15,10413.6,502232408,19114.82
31-Oct-18,10428.9,10615.1,10322.35,10604.6,607333586,27101
01-Nov-18,10660.5,10660.7,10567.45,10607.6,566850800,23536.42
02-Nov-18,10691.15,10841.7,10686.2,10782.3,656037238,26756.42
05-Nov-18,10786.65,10789.2,10708.85,10761,470065486,18340.01
06-Nov-18,10790.1,10836.4,10717.3,10758.45,438807073,17037.56
07-Nov-18,10842.95,10845.5,10812.8,10828.85,49597981,1961.87
09-Nov-18,10845.9,10855.4,10779.15,10823.3,441548166,18554.74
12-Nov-18,10847.3,10883.1,10696.4,10715.05,386537354,16566.14
13-Nov-18,10686.2,10820.35,10674.25,10807.3,385548439,16421.9
14-Nov-18,10857.95,10875.15,10759.1,10803.15,670239963,24562.65
15-Nov-18,10807.3,10867.1,10779.05,10844.6,518892413,18833.17
16-Nov-18,10871.6,10922.05,10855.05,10908.2,602278728,20921.91
19-Nov-18,10958.25,10999.35,10914.6,10988.15,482564210,17315.91
20-Nov-18,10963.95,10967.1,10860.1,10875,483561855,16467.42
21-Nov-18,10891.4,10897.6,10791.05,10836.3,492686031,18777.85
22-Nov-18,10847.75,10878.85,10746.75,10761.4,408064396,15103.09
26-Nov-18,10803.45,10866.7,10719.6,10856.85,508190142,19698.26
27-Nov-18,10848.55,10915.05,10825.3,10905.85,541395771,20766.1
28-Nov-18,10926.75,10972.85,10919.8,10940.25,609902090,21482.75
29-Nov-18,11017.75,11087.75,10990.65,11065.9,941637341,31505.11
30-Nov-18,11098.35,11130,11045.85,11092.25,802093420,26427.09
03-Dec-18,11146.8,11154.2,11065.55,11103.2,608638414,22323.06
04-Dec-18,11097.5,11112.65,11054.65,11086.4,487797881,19497.03
05-Dec-18,11036.1,11037.25,10953.75,10989.15,501908799,18928.67
06-Dec-18,10922.6,10924.35,10793.7,10805.85,507910485,20286.98
07-Dec-18,10849.1,10903.45,10804.25,10894.1,494143024,21785.48
10-Dec-18,10706.7,10752.1,10674.15,10686.25,538063639,19440.74
11-Dec-18,10546.4,10782.25,10532.65,10761.75,616413785,23775.05
12-Dec-18,10805.45,10974.55,10778.15,10960.45,529062342,21084.63
13-Dec-18,11031.75,11071.45,10979.4,11023.05,546794697,21729.69
14-Dec-18,11018.15,11055.3,10986.8,11040.3,534769907,18785.31
17-Dec-18,11087.2,11136.75,11077.4,11125.75,435539848,15814.44
18-Dec-18,11089.65,11160.25,11061.05,11150.9,430329852,16830.01
19-Dec-18,11177.95,11239.65,11176.35,11223.4,506408963,22377.95
20-Dec-18,11144.05,11212.1,11135.75,11201.35,476918002,18627.87
21-Dec-18,11198.65,11220,10991.5,11005.85,602699200,23604.77
24-Dec-18,11028.8,11030.6,10891.15,10904.7,377594512,14124.08
26-Dec-18,10875.1,10988.15,10766.5,10968.85,434838223,16686.94
27-Dec-18,11055.5,11068.75,11003.5,11015.8,686265362,23470.39
28-Dec-18,11056.6,11134.2,11053.35,11101.65,380419086,15782.29
31-Dec-18,11154.1,11167.4,11100.35,11110.15,307709495,13371.42
01-Jan-19,11130.55,11161,11051.5,11148.8,261689768,11055.54
02-Jan-19,11110.15,11139.45,10977.65,11032,479573539,18785.98
03-Jan-19,11035.7,11059.55,10904.85,10914.8,463008349,18406.36
04-Jan-19,10940.9,10981.45,10869.45,10966.15,463083403,17840.07
07-Jan-19,11044.05,11070.2,10983.55,11005.1,408861633,15628.94
08-Jan-19,11018.9,11047.45,10967.85,11031.3,411383722,16615.01
09-Jan-19,11089.45,11098.35,10973.1,11078,485649256,19477.34
10-Jan-19,11083.65,11087.65,11032.05,11054.45,394891069,15393.94
11-Jan-19,11067.15,11081.85,10970.75,11025.85,372755460,15876.42
14-Jan-19,11033.65,11034.45,10918.35,10965.05,413114985,15822.62
15-Jan-19,11005.05,11117.45,11005.05,11107.75,415959403,17766.77
16-Jan-19,11120.65,11151.25,11097.4,11111.65,382299958,15799.34
17-Jan-19,11141.45,11151.7,11066.7,11123.9,392333417,16047.72
18-Jan-19,11135.25,11146.45,11066.85,11109.5,455935490,19391.67
21-Jan-19,11122.1,11188.5,11090.65,11153.35,426708208,20047.15
22-Jan-19,11142.75,11142.75,11057.6,11124.35,460402016,21251.26
23-Jan-19,11133.25,11145.1,11015.75,11034.8,431966710,18429.71
24-Jan-19,11047.85,11064.25,11000.5,11049.05,521455279,19562.47
25-Jan-19,11062.55,11128.7,10941.85,10968.3,629065512,24720.16
28-Jan-19,10978.9,10985.35,10803.25,10836.65,583915207,24860.62
29-Jan-19,10826.4,10868,10763.15,10829.95,518523830,22257.29
30-Jan-19,10879.45,10886.9,10788.25,10829.5,567122863,24677.79
31-Jan-19,10869.25,11002.5,10853.9,10996.8,836962479,32388.83
01-Feb-19,11018.7,11157.65,10981.15,11066.7,706450230,27897.74
04-Feb-19,11051.05,11084.75,10975,11070.45,455398569,18430.04
05-Feb-19,11067,11104.55,11044.6,11079.65,443600813,16662.9
06-Feb-19,11111.75,11217.6,11108.7,11206,453221508,18730.8
07-Feb-19,11215.3,11272.2,11198.75,11229.05,477554001,17902.35
08-Feb-19,11184.25,11199.2,11076.15,11094.1,546054674,19035.8
11-Feb-19,11080.05,11080.05,10996.3,11030,456225793,17520.78
12-Feb-19,11022.9,11054,10963.1,10971.4,458531134,17395.71
13-Feb-19,11009.5,11028.85,10903.6,10923.9,474591263,18789.88
14-Feb-19,10914.1,10922.55,10856.9,10888.4,822641878,24158.81
15-Feb-19,10917,10921.65,10743.75,10845.85,713620118,24460.65
18-Feb-19,10857.9,10876.35,10749.75,10761.2,476725198,18020.43
19-Feb-19,10758.3,10846.15,10713.3,10731.1,466195624,17119.37
20-Feb-19,10781.45,10882.3,10778.3,10865.1,460390179,16685.85
21-Feb-19,10875.3,10940.8,10853.45,10925.05,438886110,17740.67
22-Feb-19,10920.45,10946.15,10901.05,10937.35,568898054,27522.36
25-Feb-19,10960.85,11029.05,10934.6,11021.75,609844710,20388.54
26-Feb-19,10917.85,11036.15,10866.2,10981.55,612226029,23263.28
27-Feb-19,11027.6,11097.5,10903.65,10961.8,575902937,22463.58
28-Feb-19,11019.6,11019.9,10948.35,10959.9,953836362,32234.27
01-Mar-19,11009.7,11053.2,10998,11040.55,569551987,19693.57
05-Mar-19,11043.95,11185.1,11001,11177.2,618761765,22508.93
06-Mar-19,11218.4,11257,11197.35,11246.2,625197484,22538.48
07-Mar-19,11270.55,11278.4,11219.55,11244.05,574079883,19271.89
08-Mar-19,11225.35,11236,11194.05,11225,520217347,17895.06
11-Mar-19,11260.65,11387.35,11251.75,11375.7,567377087,21697.57
12-Mar-19,11441,11521.85,11436.7,11499.95,638431960,26550.5
13-Mar-19,11525.35,11540.55,11472.9,11527.2,629811249,26315.81
14-Mar-19,11566.3,11569,11494.9,11522.9,469371485,19964.98
15-Mar-19,11554.85,11653.05,11550.6,11595.05,700551590,30266.47
18-Mar-19,11641.25,11693.9,11580.95,11629.75,510981209,20681.4
19-Mar-19,11668.55,11706.55,11621.15,11696.5,520328904,19891.03
20-Mar-19,11717.7,11719.6,11663.7,11681.3,692998518,22897.77
22-Mar-19,11706.4,11733.2,11592.95,11613.55,613637002,24404.36
25-Mar-19,11551.15,11551.15,11464.75,11504.75,496171258,17732.37
26-Mar-19,11527.25,11647.05,11510.15,11632.65,516908313,19283.94
27-Mar-19,11682,11698.45,11567.5,11595.65,617827236,23811.91
28-Mar-19,11614.3,11735.15,11603.7,11719.35,941030305,33369.7
29-Mar-19,11776.25,11794.85,11727.3,11789.2,887079071,27527.01
01-Apr-19,11834.85,11902.25,11809,11832.65,643705302,24219.44
02-Apr-19,11873.5,11876.1,11814,11861.4,641596176,23349.24
03-Apr-19,11886.5,11912.65,11780.55,11794.6,660309707,24526.15
04-Apr-19,11813.55,11814.4,11711,11753.5,648258414,24295.23
05-Apr-19,11794.05,11842.05,11767.1,11820.1,585478908,18917.33
08-Apr-19,11856.15,11862.25,11706.8,11760.1,611191962,19561.51
09-Apr-19,11768.3,11837.15,11721.3,11825.65,535902983,19837.97
10-Apr-19,11803.1,11835.6,11731.2,11743.9,592384227,26587.23
11-Apr-19,11752,11770.4,11713.95,11760,501921193,18518.99
12-Apr-19,11775.4,11820.25,11746.8,11807.85,468447694,17899.16
15-Apr-19,11833,11868.85,11812.25,11856.45,512056678,18839.79
16-Apr-19,11902,11972.5,11898,11950.05,621572520,22354.98
18-Apr-19,12013.7,12013.7,11894.65,11913.35,573791651,23222.46
22-Apr-19,11885.05,11885.05,11735.75,11745.9,434148269,17017.4
23-Apr-19,11765.5,11797.4,11716.5,11727.65,440462641,18553.38
24-Apr-19,11750.75,11883.2,11726.6,11869.55,530746090,21538.92
25-Apr-19,11880,11938.55,11770.2,11787.4,882694154,34145.95
26-Apr-19,11829.8,11894.85,11806.65,11886.7,517783419,22482.45
30-Apr-19,11879.75,11881.65,11782.65,11874.25,769626461,28420.69
02-May-19,11851.45,11915.2,11823.5,11845.6,641085374,23217.06
03-May-19,11843.35,11882.85,11814.05,11828.05,500002080,19919.95
06-May-19,11723.7,11748.6,11684.25,11708.85,469289620,18162.43
07-May-19,11760.9,11767.85,11597.35,11610.1,516723480,20655.95
08-May-19,11591.15,11591.45,11459,11470.8,750320961,21608.1
09-May-19,11435,11469.05,11368.6,11415.9,659627065,21179.8
10-May-19,11427.4,11456.6,11364.8,11391.85,750713890,21746.68
13-May-19,11371.2,11405.9,11228.05,11249.85,681360515,19973.15
14-May-19,11250.05,11388.9,11201.2,11318,822711342,24072.88
15-May-19,11363.45,11383.6,11232.4,11253.85,711657068,22169.86
16-May-19,11274.5,11365.1,11229.75,11341.6,681607759,21036.37
17-May-19,11344.7,11502.35,11340.55,11485.85,742572635,25805.52
20-May-19,11734.55,11919.5,11672.1,11903.95,799654524,30910.62
21-May-19,11940.55,11957.75,11759.65,11786.3,665336233,25996.89
22-May-19,11806.65,11855.1,11760.1,11811.3,651781719,23741.16
23-May-19,11974.75,12115.9,11704.75,11745.5,1019874149,38310.87
24-May-19,11832.9,11956.25,11755.9,11944.65,739232097,26438.57
27-May-19,11950.55,12052.7,11908.75,12023.75,683042290,24356.87
28-May-19,12059.95,12059.95,11970.25,12033.1,1058069075,38167.45
29-May-19,12014.85,12030.15,11939.6,11962.35,545315344,20626.02
30-May-19,11968.55,12059.65,11963.6,12038.2,875194923,25731.17
31-May-19,12092.45,12136.65,11935.9,12028.25,800233741,28620.56
03-Jun-19,12061.15,12204.05,12024.8,12190.85,561032903,22606.48
04-Jun-19,12155.8,12200.8,12108.15,12122.6,528209165,19745.19
06-Jun-19,12141.85,12141.85,11921.1,11932.95,673613170,26137.67
07-Jun-19,11951.65,11983,11854.25,11957.05,490196986,18786.77
10-Jun-19,12019.5,12058.6,11959.55,12006.85,492817086,16586.2
11-Jun-19,12042.45,12085.1,11984.1,12053.6,510749542,18892.92
12-Jun-19,12050,12050.05,11953.25,11989.2,443050034,17418.94
13-Jun-19,11960.05,12011.65,11897.15,11995.2,649688906,22507.39
14-Jun-19,11991.15,11992.95,11874.8,11899.35,558562993,19544.55
17-Jun-19,11916.4,11916.45,11729,11743,500376784,19985.01
18-Jun-19,11748.45,11797.45,11711.85,11761.65,557132144,20579.77
19-Jun-19,11814.05,11869.8,11686.95,11753.05,664908409,22742.7
20-Jun-19,11718.15,11913.1,11695.15,11901.15,650015464,22794.57
21-Jun-19,11893.6,11893.95,11783.85,11802.45,717435942,28523.61
24-Jun-19,11807.05,11833.85,11754.15,11782.95,451400585,16084.28
25-Jun-19,11762.4,11888.15,11732.65,11871.9,493749317,19801.89
26-Jun-19,11844.35,11953.05,11833.55,11928.85,547609782,19178.19
27-Jun-19,11941.9,11992.6,11912.1,11931.35,852288099,28750.47
28-Jun-19,11951.4,11961.5,11867.9,11882.1,494739651,19245.62
01-Jul-19,11932.85,11974.75,11925.7,11957.5,435729215,16002.36
02-Jul-19,11983.45,12008.2,11910.7,12001.6,500301904,16310.7
03-Jul-19,12025.2,12039.2,11981.45,12015.2,529062743,17906.98
04-Jul-19,12027,12066.75,12022.9,12044.8,621656629,19173.07
05-Jul-19,12063.9,12081.7,11888.6,11904.05,800017085,24446.34
08-Jul-19,11858.7,11860.05,11613.8,11650.35,676971875,23021.27
09-Jul-19,11626.45,11679.5,11553.45,11655.85,601945562,25198.4
10-Jul-19,11635.5,11688,11570.45,11593.8,517327104,20892.05
11-Jul-19,11655.4,11692.8,11613.05,11678.6,515459796,19568.64
12-Jul-19,11697.1,11738.85,11641.45,11654.85,522356896,20756.19
15-Jul-19,11712.65,11716.95,11634.65,11692.65,514667482,19583.3
16-Jul-19,11698.55,11778.55,11677.15,11773.15,659503243,20335.33
17-Jul-19,11780.6,11819.45,11762.7,11798.45,648150183,19742.39
18-Jul-19,11787,11787.55,11688.25,11701.4,690348502,21030.04
19-Jul-19,11736.75,11750.45,11498.95,11519.25,708959465,23834.02
22-Jul-19,11493.8,11498,11397.8,11456.25,705728307,23740.85
23-Jul-19,11480.85,11498.95,11408.25,11436.55,677175001,23512.99
24-Jul-19,11429.55,11465.5,11322.8,11360.15,708854870,24019.64
25-Jul-19,11381.75,11456.65,11339.45,11352.35,789190281,29697.55
26-Jul-19,11350.35,11416.05,11312.75,11394.7,776989626,24346.12
29-Jul-19,11413.85,11416.35,11252.95,11290.9,1287644420,22652.68
30-Jul-19,11313,11367.5,11167.1,11179.55,1027842998,25177.09
31-Jul-19,11129.45,11245.55,11089.2,11221.2,863147144,27779.96
01-Aug-19,11164.05,11186.8,10981.95,11080.9,803068344,25245.67
02-Aug-19,11030.05,11180.8,10944.4,11100.45,1005932582,29326.82
05-Aug-19,11001.6,11004.4,10887.45,10970.05,791957616,24641.49
06-Aug-19,10923,11122.4,10921.45,11058.9,826578515,25880.9
07-Aug-19,11070.05,11090.4,10951.3,10970.55,879003009,25407.64
08-Aug-19,11017,11169.85,10960.75,11144.15,863782500,26095.34
09-Aug-19,11198.95,11296.6,11175.9,11222.2,887924510,26046.9
13-Aug-19,11248,11253.2,11004.9,11027.4,1034564056,29466.84
14-Aug-19,11096.7,11178.2,11036.1,11133.75,868086016,25506.57
16-Aug-19,11141.95,11172.8,11029.1,11154.55,895118491,23332.94
19-Aug-19,11200.25,11251.45,11144,11158.95,645261155,18027.94
20-Aug-19,11169,11179.35,11083.9,11115.6,774295643,20932.05
21-Aug-19,11119.05,11131.15,11000.75,11012,868735164,20896.08
22-Aug-19,10999.1,11001.8,10815.45,10836.85,1109590806,23878.59
23-Aug-19,10797.25,10958.95,10730.9,10925.9,1072172091,25729.56
26-Aug-19,11098.75,11164.05,10852.45,11152.65,1147522062,27569.8
27-Aug-19,11201.8,11249.35,11154.5,11213.7,1202290996,37681.31
28-Aug-19,11212.85,11239.25,11096.7,11154.55,912210588,21010.36
29-Aug-19,11107.6,11135.85,11034.3,11069.3,989250934,23992.56
30-Aug-19,11110.1,11174.35,11002.2,11155.1,971311298,26138.2
03-Sep-19,11092.1,11098.1,10900.45,10925.2,722969994,21112.26
04-Sep-19,10919.95,10977.05,10861.95,10964.3,776602270,23428.9
05-Sep-19,10983.05,11043.25,10945.8,10975,842545723,22153.36
06-Sep-19,11011.5,11078.25,10989.5,11068.15,756179287,21658.81
09-Sep-19,11059.35,11147.7,11015.3,11122.95,616866329,17659.13
11-Sep-19,11147.9,11179.05,11129.45,11161.65,1042362202,25844.35
12-Sep-19,11185.5,11212.3,11096.45,11113.5,859345190,21580.36
13-Sep-19,11122,11213.65,11071.1,11205.1,929292369,22313.99
16-Sep-19,11123.9,11186.55,11100.65,11139.85,650416707,19764.77
17-Sep-19,11137.15,11137.15,10931.55,10951.55,851220149,22055.91
18-Sep-19,11007.9,11020,10938.25,10980.8,798888585,20215.8
19-Sep-19,10986.45,10986.45,10812.7,10848.85,1120155190,19913.7
20-Sep-19,10891.55,11524,10831.4,11432,2045265251,63828.6
23-Sep-19,11692.05,11837.65,11630.3,11746.25,1338329722,48476.23
24-Sep-19,11741.25,11797.8,11685.75,11737.45,965535012,32024.36
25-Sep-19,11713.1,11713.55,11558.75,11581.6,934419558,30170.99
26-Sep-19,11609.5,11751.15,11606.3,11714.85,1196607574,36975.92
27-Sep-19,11700.65,11741.15,11651.25,11663.5,979136708,24793.69
30-Sep-19,11643.55,11653.9,11532.1,11613.3,1439560001,31437.98
01-Oct-19,11655.5,11694.6,11380.8,11497.5,1876909436,36949.56
03-Oct-19,11458.9,11504.6,11393.55,11444.8,1395458125,27633.14
04-Oct-19,11516.45,11529.1,11287.5,11303.4,1247901278,27634.63
07-Oct-19,11320.55,11349.05,11225.3,11239.05,1061142532,24355.74
09-Oct-19,11263.8,11431.4,11200.95,11423.65,1204890333,27251.82
10-Oct-19,11390.1,11404.65,11320.4,11345,1254008680,25731.48
11-Oct-19,11368.9,11468.95,11299.5,11412.95,1159991457,29424.98
14-Oct-19,11444.6,11530.6,11403.9,11455.7,973252899,23123.85
15-Oct-19,11475.15,11575.75,11457.65,11544.45,897267904,25690.47
16-Oct-19,11580.8,11602.75,11537.55,11588.65,1093555770,27875.82
17-Oct-19,11592.6,11730.25,11567.3,11718.35,1269119374,28009.87
18-Oct-19,11715.1,11828.15,11688.05,11806.2,1266569197,29509.97
22-Oct-19,11806.05,11863.55,11733.5,11749.9,1288981608,37867.95
23-Oct-19,11758.85,11812.95,11713.9,11762.45,1047120652,29470.24
24-Oct-19,11817.45,11836.35,11690.85,11738.25,1675387538,31195.55
25-Oct-19,11794.5,11795.35,11641.95,11734.35,1470372841,31518.94
27-Oct-19,11814.1,11824.8,11761,11782.5,274741328,4386.81
29-Oct-19,11796.4,11961.75,11779.75,11942.05,1602095073,34384.78
30-Oct-19,12033.4,12038.1,11943.1,12002.95,1290447981,32297.57
31-Oct-19,12050.35,12099.1,12014.35,12037.25,2125487687,38729.7
01-Nov-19,12049.25,12082.05,12011.6,12047.8,1908441647,31986.59
04-Nov-19,12084.15,12140.6,12056.35,12089.15,1247189596,29637.89
05-Nov-19,12119.35,12123.8,12004.15,12056.15,1037106079,28097.58
06-Nov-19,12051.6,12139.6,11991.05,12104.2,1029509863,30410.03
07-Nov-19,12160.25,12161.6,12090.35,12152.95,1050826641,29804
08-Nov-19,12133.05,12173.95,12026.4,12044.85,1333744868,32266.89
11-Nov-19,12015.9,12071.05,12000.5,12053.3,950926939,23303.28
13-Nov-19,12053.65,12099,11961.75,11980.65,1159719494,28278.91
14-Nov-19,11998.1,12029.45,11935.85,12001.1,1378079286,25931.24
15-Nov-19,12034.55,12096.1,12008.55,12022.8,1653923262,28775.35
18-Nov-19,12043.9,12071.35,11995.2,12010.9,1272353250,23482.06
19-Nov-19,12041.4,12071.95,12000.85,12054.7,1906401025,32644.39
20-Nov-19,12117.35,12156.35,12083.8,12116.2,2681802230,31773.66
21-Nov-19,12146.05,12148.25,12070.9,12082.7,1654076974,28513.56
22-Nov-19,12083.2,12083.95,11999.5,12031.2,1146476236,25723.43
25-Nov-19,12039.95,12203.15,12037.3,12192.65,1295685591,26960.5
26-Nov-19,12230.95,12255.15,12117.6,12150.7,2947394322,69911.56
27-Nov-19,12183,12230.6,12172,12217.5,1172561401,26171.33
28-Nov-19,12246.75,12286.6,12216.35,12278.45,1570598065,31990.22
29-Nov-19,12275.95,12277.3,12145.6,12182.6,1603807228,33353.36
02-Dec-19,12255.4,12255.5,12147.7,12175.15,2434824538,31179.78
03-Dec-19,12196.15,12196.9,12079.15,12115.8,1560648131,25010.67
04-Dec-19,12089.25,12172.05,12057.65,12160.85,1670720452,28674.99
05-Dec-19,12183.9,12190.8,12106.9,12126.5,1070921388,25178.73
06-Dec-19,12156.15,12166.05,11990.3,12024.95,1338642525,24301.57
09-Dec-19,12041.25,12082.25,11987.3,12033.3,1115320862,22113.41
10-Dec-19,12046.4,12049.35,11935,11945.8,1222345671,22636.14
11-Dec-19,11957.75,12013.3,11918.95,11999.95,1415176257,24354.6
12-Dec-19,12037.95,12099.05,12026.4,12065.85,1061800238,23746.77
13-Dec-19,12120.15,12194.6,12118.25,12182.7,1131609701,27441.01
16-Dec-19,12222.85,12226,12137.4,12144.85,773530469,21280.81
17-Dec-19,12173.4,12266.15,12160.9,12248.95,972559023,25946.58
18-Dec-19,12280.05,12319.2,12240.75,12304.25,1029683849,27688.75
19-Dec-19,12306.7,12352.65,12280.35,12343.85,1007227537,24519.89
20-Dec-19,12351.9,12378.8,12340.05,12363.4,1203286549,33221.72
23-Dec-19,12330.35,12381.4,12304.4,12354.95,902079631,22567.18
24-Dec-19,12362.25,12375,12300.3,12312.1,725662777,17944.63
26-Dec-19,12311.25,12319.55,12221.65,12229.15,865726853,20886.92
27-Dec-19,12273.95,12355.65,12259.35,12344.6,711181375,18475.38
30-Dec-19,12373.05,12387.3,12313.1,12354.25,710778770,18112.89
31-Dec-19,12347.25,12347.25,12252.55,12267.75,753781413,19123.69
01-Jan-20,12299.85,12320.75,12263.2,12279.05,446251194,12946.17
02-Jan-20,12294.95,12387.65,12292.2,12380.5,645781490,19429.69
03-Jan-20,12359.7,12368.6,12292.4,12328.6,671669795,21761.81
06-Jan-20,12270.25,12278.25,12070.75,12090.6,652762014,21896.93
07-Jan-20,12174.65,12255.75,12106.3,12154.95,736051577,23115.45
08-Jan-20,12034.4,12145,12026.8,12131.45,948960796,22902.66
09-Jan-20,12259.55,12328.25,12241.75,12319.7,1053400858,24027.71
10-Jan-20,12372,12412.95,12316.6,12359.7,939484313,24092.51
13-Jan-20,12401.15,12442.55,12391.5,12436.45,783662824,22316.59
14-Jan-20,12442.6,12480.45,12417.7,12468.55,838396839,23098
15-Jan-20,12458.3,12470.35,12392.55,12458.85,974972459,23105.34
16-Jan-20,12468.6,12506.4,12431.5,12470.6,732714264,20716.27
17-Jan-20,12445.75,12500.95,12439.15,12471.15,1709289047,26290.92
20-Jan-20,12544.4,12544.4,12335.1,12343.2,1063748617,26310.52
21-Jan-20,12314.45,12349.4,12279.5,12287.25,1256487056,23778.92
22-Jan-20,12335.1,12341.1,12213.65,12230.85,1078861020,25914.85
23-Jan-20,12248.2,12321.4,12220.7,12312.9,1699254365,31059.04
24-Jan-20,12307.25,12410.8,12282.7,12386.95,937241490,23456.53
27-Jan-20,12336.75,12363.15,12249.45,12262.65,750304421,22836.18
28-Jan-20,12292.4,12311,12175.8,12203.2,912989710,27636.91
29-Jan-20,12262.75,12312.6,12251.3,12276.95,863864153,25719.49
30-Jan-20,12295.1,12297.3,12144.25,12165.4,964503298,25784.58
31-Jan-20,12228.95,12232.5,12071,12086.9,1147901344,32201.52
01-Feb-20,12066.05,12153.85,11738.45,11768.9,861850212,26736.34
03-Feb-20,11736.6,11864.3,11719.25,11820.3,1031833247,32677.02
04-Feb-20,11900.05,12099.35,11898.9,12091,902955660,30502.95
05-Feb-20,12121.05,12219.95,12071.9,12212,1096111366,29749.51
06-Feb-20,12243.95,12295.2,12211.6,12273.7,1013558973,32846.86
07-Feb-20,12286.85,12290.15,12223.7,12249.25,839983098,24798.34
10-Feb-20,12253.95,12254.95,12144.05,12185.35,828817060,23141.45
11-Feb-20,12260.2,12317.7,12237.8,12246.2,827144568,23461.08
12-Feb-20,12288.15,12362,12282.2,12327.7,932387054,24460.49
13-Feb-20,12342.25,12347.1,12266.25,12301.75,794527828,22112.85
14-Feb-20,12314.25,12369.4,12210.05,12230.45,2214334346,27360.17
17-Feb-20,12247.2,12271.7,12143.5,12152,1434093320,20180.71
18-Feb-20,12133.6,12134.45,12009.55,12098.9,1524574950,24093.02
19-Feb-20,12197.9,12256.2,12155.25,12248.2,1718114837,24625.16
20-Feb-20,12242.25,12288.9,12202.75,12211.3,1724531604,27469.65
24-Feb-20,12140.45,12140.45,11939.55,11957,1395035167,26193.74
25-Feb-20,12007.3,12018.45,11900.6,11917.3,1278186416,25453.59
26-Feb-20,11859.1,11902.15,11756.65,11790.1,1104078933,28427.31
27-Feb-20,11773.95,11776.1,11646.05,11746.85,1244139818,28322.9
28-Feb-20,11495.6,11497.9,11288.4,11316.3,1546581871,42627.48
02-Mar-20,11500.85,11560.15,11153.65,11251.55,1249491066,32933.97
03-Mar-20,11337.45,11471.1,11279.55,11430.85,1279395761,30668.35
04-Mar-20,11481.55,11485.5,11205.95,11372.85,1274895204,34539.84
05-Mar-20,11430.1,11515.55,11371.5,11397.9,1954755189,33959.11
06-Mar-20,11061.85,11163,10957.4,11119.65,2394161843,33293.23
09-Mar-20,10877.5,10886.3,10442.15,10583.05,2548062704,42528.38
11-Mar-20,10476.65,10673.25,10475.1,10578,2227115701,39439.35
12-Mar-20,10160.05,10160.75,9614.55,9693.95,2531991495,48213.9
13-Mar-20,9177.3,10248,8642.2,10050.25,3211802047,52776.56
16-Mar-20,9684.8,9728.1,9281.75,9316.95,2510748783,35882.43
17-Mar-20,9395.1,9531.95,9056.35,9105.4,1917292875,34565.89
18-Mar-20,9228.8,9265.3,8552.25,8607.95,4113890919,47452.77
19-Mar-20,8198.2,8703.85,7964.4,8388.7,1965626432,41562.69
20-Mar-20,8417.55,8995.35,8305,8852.05,2004820848,45760.73
23-Mar-20,8057.35,8272.35,7694.2,7719.1,1228948752,28137.78
24-Mar-20,7942.25,8133.9,7624.85,7897.4,1318518499,33330.26
25-Mar-20,7827.5,8442.8,7815,8388.2,1158184925,33725.02
26-Mar-20,8523.1,8832.25,8382.85,8732.1,1424521253,39406.13
27-Mar-20,9032.45,9135.85,8614.35,8747.05,1309947851,38419.2
30-Mar-20,8487.15,8683.15,8368.8,8405.3,893292409,29004.95
31-Mar-20,8652.65,8805.95,8483.4,8731.15,1107770001,32253.83
01-Apr-20,8722.1,8725.7,8351.75,8404.15,910933088,25488.84
03-Apr-20,8497.75,8497.75,8213.25,8240.2,1135951449,32267.62
07-Apr-20,8595.7,8958.95,8508.15,8934.6,1279303814,42550.8
08-Apr-20,8842.6,9288.35,8806.85,8921.3,1451866382,46311.32
09-Apr-20,9144.1,9300.05,9088,9282.85,1188555121,40931.47
13-Apr-20,9276.2,9282.95,9080.2,9177.7,1738753990,34515.9
15-Apr-20,9366.1,9449.35,9072.9,9128.25,1956343583,50455.2
16-Apr-20,9057.55,9258.05,9020.55,9197.1,1470438278,38832.98
17-Apr-20,9523.15,9523.6,9283.55,9453.5,1683221443,42323.52
20-Apr-20,9573.75,9574.2,9416.85,9442.6,1384639426,36228.06
21-Apr-20,9202.9,9237.4,9107.9,9175.65,1229727241,36995.76
22-Apr-20,9215.55,9388.3,9130.85,9372.3,1473594215,42639.31
23-Apr-20,9419,9521.55,9365.6,9486.7,1597917146,37049.73
24-Apr-20,9340.8,9463.45,9312.15,9323.7,1232232691,40835.66
27-Apr-20,9427.75,9544.2,9419.2,9462.15,1022920718,34065.01
28-Apr-20,9570.6,9582.4,9434.15,9545.05,1167294737,36412.49
29-Apr-20,9576.75,9754.15,9561.5,9710.7,1383333673,38769.8
30-Apr-20,9906.05,10031.95,9883.55,10006.9,1643801529,48154.19
04-May-20,9682.65,9683.25,9430.35,9454.05,1424063547,37809.41
05-May-20,9591.7,9615.8,9344.55,9358.9,1220003370,37305.02
06-May-20,9379.35,9489.25,9266.1,9428.55,1455393069,38245.56
07-May-20,9394.25,9437.8,9335.5,9351.45,1076714362,65216.51
08-May-20,9522.65,9528.35,9395.45,9408.65,1011497649,36485.11
11-May-20,9505.95,9596.8,9393.45,9411.7,1916995744,37488.23
12-May-20,9343.6,9415.05,9218.45,9372.25,1648822311,44434.96
13-May-20,9752.35,9752.45,9518.8,9552.65,1710074994,44540.75
14-May-20,9396.85,9465.85,9310.05,9333.1,1170951485,37325.06
15-May-20,9371.9,9372.05,9240.95,9320.6,1080340845,32597.28
18-May-20,9339.9,9340,8988.95,9004.4,1441748253,40515.87
19-May-20,9140.95,9209.25,9036.05,9060.15,1915613615,38341.53
20-May-20,9069.7,9276.6,9055.2,9249.15,1358836937,36714.21
21-May-20,9265.75,9366.75,9243.8,9299.8,1335073201,36437.05
22-May-20,9263.25,9344.05,9165.45,9226.8,1318601668,38328.88
26-May-20,9284.35,9341.4,9187.8,9219.6,1141939246,36694.87
27-May-20,9267.75,9488.35,9186.7,9471.6,1234643132,40241.14
28-May-20,9519.7,9669.05,9492.75,9648.2,1701278974,45022.21
29-May-20,9584.05,9777.1,9542.55,9759.45,3947490978,61200.67
01-Jun-20,9900.7,10093.15,9882.7,9996.4,1791819753,47449.27
02-Jun-20,10051.2,10153.85,9998.4,10139.75,2138778507,45759.1
03-Jun-20,10266.9,10336.65,10194.05,10220.25,2215510124,49058.64
04-Jun-20,10219.75,10293.35,10108.5,10198,2108980071,46575
05-Jun-20,10265.7,10357.5,10213.85,10324.15,3270327392,47732.95
08-Jun-20,10506.25,10506.3,10298.65,10346.7,3471432404,49786.27
09-Jun-20,10367.75,10472.8,10202.7,10231.25,2788328255,47367.79
10-Jun-20,10255.45,10322.1,10211.55,10291.7,2144837522,37579.29
11-Jun-20,10271.65,10297.95,10066.6,10082.1,3371136358,40894.26
12-Jun-20,9720.55,10180.8,9719.65,10158.3,2676409014,45968.33
15-Jun-20,10113.4,10141.15,9924.1,10005.8,1909180732,40173.96
16-Jun-20,10200.45,10230.6,9917.4,10097.35,2063440331,44250.42
17-Jun-20,10060.15,10186.15,10020.95,10069.75,1459838530,38092.94
18-Jun-20,10051.45,10276.9,10033.15,10258.15,1868154105,35071.29
19-Jun-20,10289,10434.6,10246.75,10407.75,1958325647,62395.47
22-Jun-20,10487.2,10568.75,10453.1,10494.35,2367953979,45993.71
23-Jun-20,10534.95,10674.4,10491.5,10660.8,1565717249,44163.3
24-Jun-20,10724.95,10753.6,10474.55,10499.9,1923412305,52364.65
25-Jun-20,10431.05,10558.45,10392.7,10486.55,2059052209,51391.78
26-Jun-20,10577.35,10607.05,10505.2,10570.95,878239139,38248.85
29-Jun-20,10506.7,10520.95,10414.5,10496.85,749442398,32615.22
30-Jun-20,10566.8,10587.1,10452.5,10486.9,749012846,33795.01
01-Jul-20,10511.9,10615.15,10482.35,10598.9,781060066,34141.89
02-Jul-20,10656.45,10757.8,10650.3,10716.1,843593478,37914.89
03-Jul-20,10780.65,10797.1,10732.45,10776.3,788213226,32439.85
06-Jul-20,10887.8,10963.8,10859.25,10919.25,780691759,35943.94
07-Jul-20,10958.5,10972.65,10847.3,10958,902506185,44769.51
08-Jul-20,10979.4,11006.85,10842.55,10870.95,1114696266,46364.49
09-Jul-20,10918.85,10984.6,10898.85,10962.7,833206849,37718.78
10-Jul-20,10918.5,10975.8,10868.75,10919.7,859764397,37602.13
13-Jul-20,11001.05,11036.05,10902.45,10953.75,743013106,36755.6
14-Jul-20,10906.25,10911,10725.7,10768.6,742921099,38211.86
15-Jul-20,10859.3,10974.4,10730.8,10769.6,902729476,48861.37
16-Jul-20,10852.3,10893.8,10734.4,10879.9,856719868,47679.15
17-Jul-20,10895.5,11074.8,10893.15,11045.85,869154577,43176.6
20-Jul-20,11138.5,11174.35,11094.05,11159.45,722089955,39416.39
21-Jul-20,11261.3,11300.9,11244.65,11283.9,994338465,50697
22-Jul-20,11348.95,11355,11173.95,11249.45,972531821,48829.5
23-Jul-20,11255.6,11356.15,11225.45,11334.3,789250393,39132.11
24-Jul-20,11270.8,11326.95,11202.2,11297.75,851553214,46418.18
27-Jul-20,11328.9,11328.9,11188.25,11231.3,777995295,41246.93
28-Jul-20,11255.05,11404.5,11253.15,11388.4,858690643,45147.58
29-Jul-20,11369.55,11428.15,11258.8,11310.85,800172783,45698.68
30-Jul-20,11361.95,11403.95,11207.9,11231.3,896041243,48484.75
31-Jul-20,11269.25,11286.2,11177.1,11222.95,857549547,45880.54
03-Aug-20,11208.55,11208.95,11046.95,11056,982402456,41748.98
04-Aug-20,11113.65,11258.85,11074.05,11244.1,804498496,41798.68
05-Aug-20,11304.4,11368.4,11213.25,11248.4,868007162,42522.48
06-Aug-20,11329.5,11396.15,11278.15,11345.45,825662871,40700.82
07-Aug-20,11337.2,11377.15,11297.15,11361.4,680924527,36014.79
10-Aug-20,11426.3,11491.95,11401.55,11433,746983109,40147.01
11-Aug-20,11486.15,11531.5,11455.95,11471.25,858386306,39295.66
12-Aug-20,11441.05,11470.9,11389.7,11458.25,954983974,38301.77
13-Aug-20,11488.1,11512.65,11429.25,11458.9,814730858,36613.69
14-Aug-20,11511.4,11525.95,11269.4,11337.55,913132359,42877.5
17-Aug-20,11411.2,11422.7,11296.85,11402.85,832239668,34241.5
18-Aug-20,11419.2,11556.85,11412.85,11541.95,815036837,35861.97
19-Aug-20,11608.9,11618.55,11550.95,11564.5,870414477,35223.96
20-Aug-20,11478.5,11524.65,11451.5,11479,1061535618,34934.05
21-Aug-20,11581.25,11589.25,11526.05,11535.8,906275671,34000.12
24-Aug-20,11579.95,11648.5,11578.5,11619.15,747901386,35185.82
25-Aug-20,11668.95,11681.55,11575.65,11625.6,835414982,35521.81
26-Aug-20,11668.6,11705.6,11611.45,11694.35,913698261,40845.02
27-Aug-20,11755.4,11762.25,11692.65,11709.45,1019748805,40459.2
28-Aug-20,11755.6,11830.7,11743.25,11791.5,1242901428,48776.4
31-Aug-20,11913.55,11927.2,11438.75,11496.05,1749528540,72884.59
01-Sep-20,11570.15,11651.65,11477.85,11586.6,1031875168,44305.26
02-Sep-20,11598.4,11681.4,11554.65,11660.6,792559954,34401.76
03-Sep-20,11694.5,11714.65,11643.85,11663.35,756153040,33133.08
04-Sep-20,11491.15,11589.85,11436.95,11464.95,874262419,38749.87
07-Sep-20,11493.25,11509.95,11380.45,11478.4,709029632,31191.09
08-Sep-20,11502.9,11556.45,11407.45,11434.9,723008019,34424.4
09-Sep-20,11338.7,11418.45,11299.6,11397.95,897414151,38916.21
10-Sep-20,11481.3,11577.1,11453.05,11562.65,825431885,44886.91
11-Sep-20,11562.45,11609.4,11538.8,11589.65,696962368,35443.49
14-Sep-20,11665.65,11690,11512.05,11566.45,802126364,40359.63
15-Sep-20,11613.7,11666.3,11580.05,11652.85,670346837,35205.63
16-Sep-20,11673.4,11743.85,11653.9,11732.7,729509772,34807.6
17-Sep-20,11671.25,11718.3,11629.2,11646.15,664077965,35481.54
18-Sep-20,11713.55,11716.2,11581.65,11640.2,1005722849,60102.7
21-Sep-20,11642,11661.45,11332.5,11367.25,795322439,44290.99
22-Sep-20,11411.05,11411.45,11177.05,11264.55,868986867,42999.26
23-Sep-20,11366.85,11369.4,11135.75,11241.6,910056854,41797.23
24-Sep-20,11122.55,11127.65,10906.7,10922.25,922902558,42522.17
25-Sep-20,11029.5,11198.1,10974.9,11176.3,756633008,37121.19
28-Sep-20,11270.55,11375.45,11233.55,11365.25,623662120,29597.8
29-Sep-20,11429.4,11449.45,11314.45,11353.65,685046809,33015.47
30-Sep-20,11380.2,11431.65,11320,11385.2,690244326,34516.14
01-Oct-20,11499.65,11557.4,11484.25,11545.9,640143018,31478.81
05-Oct-20,11616.6,11693.3,11574.5,11625.6,699911432,36707.18
06-Oct-20,11722.5,11787.2,11688.05,11770.75,736680622,36210.06
07-Oct-20,11787.45,11857.4,11741.35,11833.9,684365686,38608.11
08-Oct-20,11926.1,11986.95,11876.6,11925.4,808567864,44699.47
09-Oct-20,11944.5,12014.95,11897.4,11990.7,827498785,41369.63
12-Oct-20,12047.05,12088.9,11936.9,11999.05,711357331,32117.11
13-Oct-20,12000.55,12056.35,11959.5,11995.7,629775818,36152.51
14-Oct-20,11980.6,12064,11893.45,12039.05,767926416,37167.7
15-Oct-20,12089.55,12091.05,11738.7,11758.2,791428317,41312.48
16-Oct-20,11804.25,11867.2,11744.1,11843.35,716895894,36140.71
19-Oct-20,11953.75,11970.45,11896.1,11952.9,726821093,35850.29
20-Oct-20,11941.65,12023.3,11919,11976.85,643639359,34828.02
21-Oct-20,12036.8,12092.05,11851.9,12009,820394742,43852.9
22-Oct-20,11965.85,12009.7,11899.1,11971.8,733945468,39703.88
23-Oct-20,12029.4,12045.35,11985.15,12006.1,687236336,34084.62
26-Oct-20,12017.75,12022.1,11788.7,11842.7,706561684,35029.86
27-Oct-20,11880.3,11981.7,11800.2,11971.9,816605902,45380.87
28-Oct-20,12006.5,12012.2,11778.4,11819.05,879800110,42646.97
29-Oct-20,11723.25,11838.2,11700.05,11774.4,749082716,36797.43
30-Oct-20,11784.85,11855.9,11646.9,11748.95,785993622,35300.84
02-Nov-20,11803.05,11830.65,11675.25,11777.85,823729504,41773.08
03-Nov-20,11843.65,11937.2,11834.2,11913.35,953802242,44926.34
04-Nov-20,11890.9,12026.15,11860.75,12007.1,863156499,44335.85
05-Nov-20,12150.35,12225.9,12127.45,12217.9,899249402,40735.01
06-Nov-20,12252.45,12364.9,12232.35,12349.15,804054661,42519.32
09-Nov-20,12482.95,12557.6,12448.95,12545.45,800136997,41978.86
10-Nov-20,12639.5,12695.25,12556.25,12683.35,1139971706,60915.72
11-Nov-20,12733.3,12824,12634.5,12805.6,1164551800,64033
12-Nov-20,12766.75,12805.7,12699.9,12764.05,844441019,45480.6
13-Nov-20,12735.6,12815.55,12691.9,12804.25,716108427,41532.37
14-Nov-20,12906.3,12911.4,12833.55,12864.6,137370936,6119.02
17-Nov-20,13007.45,13008.35,12884.95,12960.9,920879716,49140.99
18-Nov-20,12948.25,13032.6,12904.15,13022.75,1043099227,48169.2
19-Nov-20,12931.65,13055.5,12840,12864.85,1009610819,52892.07
20-Nov-20,12904.7,12992.35,12832.1,12962.45,902734567,51609.15
23-Nov-20,13062.35,13076,12946.65,13036.65,842348668,50027.77
24-Nov-20,13110.8,13179.1,13090.1,13158.3,810989180,45672.28
25-Nov-20,13231.9,13244.8,12935.55,12959.8,1023380383,45734.55
26-Nov-20,13001.4,13117.05,12900.1,13087.75,805810513,43729.55
27-Nov-20,13117.1,13146.85,13030.25,13080.3,1665879376,104035.38
01-Dec-20,13180.2,13244.3,13088.05,13225.7,871453843,41606.09
02-Dec-20,13243,13254.85,13115.2,13244.35,1132396506,44370.82
03-Dec-20,13342.75,13342.95,13252.35,13280.5,1078581766,48557.71
04-Dec-20,13325.1,13415.05,13288.95,13396.5,1016516084,45799.07
07-Dec-20,13406.35,13508.1,13387.85,13497.85,886105886,41623.7
08-Dec-20,13536.75,13575.45,13439.3,13529.85,1046678355,43475.15
09-Dec-20,13597.05,13673.1,13589.85,13649.6,979004023,37218.19
10-Dec-20,13611.7,13632.85,13519.35,13612.35,832534815,38460.77
11-Dec-20,13646.2,13707.9,13532.3,13647.9,1131841046,41985.74
14-Dec-20,13706.2,13731.05,13615.45,13693.2,799294909,34704.65
15-Dec-20,13685.65,13716.15,13583.55,13697.7,727885170,38248.13
16-Dec-20,13792.15,13817.75,13735.95,13808.05,908464400,36600.79
17-Dec-20,13838.9,13890.1,13802.95,13852.55,662385752,34905.35
18-Dec-20,13877.75,13886.15,13767.45,13872.8,752615100,42934.05
21-Dec-20,13852.75,13887.4,13214,13431.3,993373733,48203.2
22-Dec-20,13467.1,13603.6,13272.05,13577.35,1045080971,45405.68
23-Dec-20,13587.75,13744.1,13544.2,13725.55,805475572,34851.61
24-Dec-20,13803.15,13882.8,13748.15,13862.1,756316405,31651.55
28-Dec-20,13930.8,13997,13929.2,13986.7,698820505,27593.89
29-Dec-20,14028.05,14077.95,13964,14037.65,754411486,31677.25
30-Dec-20,14086.45,14103.85,13969.8,14088.45,612680345,30439.33
31-Dec-20,14080.8,14127.6,14048.1,14090.75,801448184,33655.75
01-Jan-21,14109.05,14166.1,14102.95,14137.55,612252114,21444.81
04-Jan-21,14226,14282.4,14084.05,14267.05,890944888,36744.94
05-Jan-21,14212.95,14373.85,14177.2,14355.9,833496981,40859.56
06-Jan-21,14399.7,14403.05,14191.4,14305.65,1056764771,46716.24
07-Jan-21,14417.9,14419.35,14290.65,14305.5,836480345,42439.3
08-Jan-21,14424.8,14533,14393.45,14514.35,886906592,47504.56
11-Jan-21,14638.8,14653.2,14535.4,14642.05,914650051,48758.61
12-Jan-21,14632.7,14735.45,14593.35,14705.5,1379546690,55265.54
13-Jan-21,14782.6,14793.25,14559.3,14694.95,1407169536,55517.58
14-Jan-21,14688.2,14750,14608.1,14731.15,1001314209,45802.41
15-Jan-21,14736.5,14760.25,14482.75,14558.8,1153712302,48981.95
18-Jan-21,14574.15,14579.5,14332.85,14390.05,1074947889,49782.2
19-Jan-21,14481.15,14653.85,14470.9,14632.2,842802855,41303.13
20-Jan-21,14652,14771,14631.8,14751.3,944435422,42707.97
21-Jan-21,14840.95,14860.85,14613.35,14686.55,1064217766,53746.05
22-Jan-21,14684.35,14725.25,14466.2,14479.6,1161151870,56163.63
25-Jan-21,14588.2,14602.9,14328.1,14348.45,917258207,51815.8
27-Jan-21,14349.5,14349.5,14045.15,14085.85,951172188,49351.77
28-Jan-21,13932.7,14017.8,13846.7,13947.25,1081458517,50159.66
29-Jan-21,14075.65,14089.4,13704.15,13743.3,1125687575,58336.69
01-Feb-21,13866.05,14414.6,13762.2,14361.65,1336529984,61730.89
02-Feb-21,14556,14792,14546.3,14720.55,1372017537,68834.79
03-Feb-21,14824.25,14931.65,14650.75,14854,1374129689,59516.67
04-Feb-21,14860.05,14992.5,14806.65,14977.15,1539062227,57819.49
05-Feb-21,15040.75,15099.25,14938.8,14988.95,1556801120,65045.1
08-Feb-21,15123.15,15217,15103.7,15177.95,1080009067,49231.76
09-Feb-21,15228.15,15313.45,15124.8,15171.25,1325218693,52806.94
10-Feb-21,15184.3,15233.15,15047.65,15176.4,1081016208,51588.94
11-Feb-21,15146.1,15262.3,15138.2,15249.65,888372953,40613.22
12-Feb-21,15267.35,15318.85,15163.65,15245.75,1042860960,44503.36
15-Feb-21,15350.25,15421.9,15326.4,15399.2,850611668,39490.11
16-Feb-21,15455.4,15513.5,15328.6,15406,1062091069,47238.16
17-Feb-21,15379.3,15413.9,15275.7,15318.5,1301175206,47675.4
18-Feb-21,15353.65,15368.8,15210.25,15249.5,1602789504,51535.41
19-Feb-21,15212.55,15275.4,15017.35,15102.65,1554539091,50675.29
22-Feb-21,15119.55,15132.5,14758.75,14802.45,1059662954,46481.33
23-Feb-21,14906,14979.3,14780.15,14844.25,1209769808,49577.15
24-Feb-21,14876.75,15118.65,14869.65,15094.85,617662356,29219.15
25-Feb-21,15193.55,15281.25,15177.6,15209,1156997060,52549.79
26-Feb-21,15005,15045.15,14604.25,14667.6,1629245878,78894.5
01-Mar-21,14834.5,14932.3,14774.65,14889.65,822993530,37122.29
02-Mar-21,14993.9,15100.95,14897.9,15061.6,908519565,41844.17
03-Mar-21,15205.05,15405.7,15147.55,15379.5,981599743,43778.37
04-Mar-21,15172.3,15352.95,15139.5,15238.75,974013484,45189.08
05-Mar-21,15139.75,15248.7,15009.2,15084.35,1008799017,46494.9
08-Mar-21,15151.85,15250.6,15062.35,15096.85,823458690,35471.36
09-Mar-21,15189.6,15252,15043.1,15206,908373546,44664.95
10-Mar-21,15309.1,15327,15209.65,15284.85,588163053,31290.39
12-Mar-21,15426.55,15438.5,15071.15,15140.15,756551758,39322.88
15-Mar-21,15163.25,15165.4,14856.3,15040.85,747035263,34234.75
16-Mar-21,15107.8,15159.1,15009.8,15033.3,702151434,33634.86
17-Mar-21,15066.45,15074.8,14805.75,14828.85,747659540,36047.4
18-Mar-21,14959.05,14977.45,14581.95,14662.5,851112777,38439.09
19-Mar-21,14573.3,14886.95,14434.1,14847.25,1310491137,58031.17
22-Mar-21,14850.75,14885.65,14729.45,14859.7,720614069,34824.12
23-Mar-21,14898.3,15011.05,14849.15,14952.1,787545946,38355.41
24-Mar-21,14853.2,14902.65,14676.35,14690.05,747133448,34604.19
25-Mar-21,14713.35,14717.6,14393.5,14450.55,988633587,42794.14
26-Mar-21,14624.9,14692.75,14539.25,14633.5,733437391,35844.02
30-Mar-21,14755.6,14977.95,14745.95,14936.05,929210121,44011.52
31-Mar-21,14913,14913.7,14787.6,14807.45,911009335,37658
01-Apr-21,14912.25,15008.95,14813.65,14993.05,742190182,36675.52
05-Apr-21,14970.2,14975.65,14596.95,14775.7,831267656,42825.66
06-Apr-21,14870.75,14922.3,14719.4,14836.25,749253329,40523.44
07-Apr-21,14869.85,15019.75,14810.45,14973.95,803884513,45593.91
08-Apr-21,15030.05,15139.95,14984.35,15036.15,772606850,43203.18
09-Apr-21,15045.2,15081.9,14957.6,15004.15,826843514,45555.3
12-Apr-21,14805.95,14812,14390.1,14450.05,1137902555,54704.7
13-Apr-21,14501.85,14660.2,14415.9,14639.4,975320329,49630.25
15-Apr-21,14655.75,14735.9,14487.95,14719.25,877636182,48634.46
16-Apr-21,14741.8,14850.15,14705.6,14773.2,886688463,45641.94
19-Apr-21,14459,14535.55,14346.1,14512.85,843149579,43975.08
20-Apr-21,14680.15,14688.15,14373.95,14466.8,847757494,47158.44
22-Apr-21,14395.9,14581.75,14329.6,14564.25,836096230,46781.16
23-Apr-21,14492.2,14625.1,14439.9,14510.95,867001032,41714.33
26-Apr-21,14618.9,14711.15,14590.45,14645.9,739918127,41865.08
27-Apr-21,14662.5,14822.95,14652.85,14807.75,800727612,39945.91
28-Apr-21,14871.45,15030.45,14855.55,15004.65,764221799,45537.24
29-Apr-21,15117.4,15178.85,14954.05,15029.95,916664652,49088.06
30-Apr-21,14891.25,15005.4,14760.3,14790.6,968975515,49141.81
03-May-21,14645.6,14845.1,14583.35,14811.2,945255952,40980.55
04-May-21,14871.9,14904.6,14647.65,14683.7,1181183721,43617.72
05-May-21,14793,14843.3,14698.95,14823.2,940480821,43598.08
06-May-21,14878.6,14947.15,14817.65,14928.6,869186165,40752.16
07-May-21,15023,15060.15,14968.3,15021.65,940441644,43877.03
10-May-21,15123.35,15167.45,15091.4,15146.65,1037003290,43031.04
11-May-21,15003.2,15115.95,14978.05,15071.4,1188822781,43219.39
12-May-21,15060.95,15062.15,14891.1,14940,1385613965,46940.2
14-May-21,14996.9,14996.95,14809,14893.2,1101425495,51015.16
17-May-21,14973.2,15148.5,14936.8,15134.15,907196071,44840.14
18-May-21,15281.7,15348.3,15258.7,15325,907470425,45411.75
19-May-21,15288,15366.2,15250.2,15272.55,950136752,41453.51
20-May-21,15288.75,15317.05,15142.45,15164.45,1038277455,38441.08
21-May-21,15252.95,15422.8,15246.9,15408.55,1024473811,42864.47
24-May-21,15448.15,15498,15392.4,15445.2,1318883886,43336.47
25-May-21,15543.1,15544.9,15401.5,15445.6,828675969,36291.77
26-May-21,15494.85,15541.35,15425.4,15522.35,775665827,34637.52
27-May-21,15552.65,15604.5,15500.55,15564.35,1707297507,74196.6
28-May-21,15646.6,15690.5,15620.05,15650.35,994998846,41295.85
31-May-21,15659.95,15822.35,15600.6,15798.7,902872946,41865.14
01-Jun-21,15848,15875.15,15735.4,15789.4,748710543,35690.19
02-Jun-21,15743.85,15853.25,15711.2,15832.2,1161053133,45377.23
03-Jun-21,15913.95,15968.55,15881,15952.65,967371701,42196.18
04-Jun-21,15980.9,16000,15897.15,15945.85,924516712,38438.41
07-Jun-21,16004.05,16042.6,15956.05,16018.6,1283097541,37223.31
08-Jun-21,16044.55,16049,15947.55,16017.2,916957215,35481.9
09-Jun-21,16046.25,16082.8,15830.65,15904.75,1040614071,39128.38
10-Jun-21,15966.85,16032.35,15925.7,16021.5,792534681,32460.07
11-Jun-21,16080.65,16116.1,16019.9,16079.6,736532754,33701.84
14-Jun-21,16056.45,16093.9,15851.35,16079.7,910465134,41567.29
15-Jun-21,16134.3,16167.6,16113.6,16136.65,603943275,32452.34
16-Jun-21,16111.65,16149.25,15998.85,16025.55,628362542,32213.97
17-Jun-21,15897.6,16024,15865.45,15936.2,687779891,37157.99
18-Jun-21,15988.65,15992.95,15665.25,15915.55,1095857544,60233.48
21-Jun-21,15751.35,16009,15729.35,15991.25,747146908,33334.72
22-Jun-21,16087,16147.35,16005.85,16026.95,679800496,34416.92
23-Jun-21,16118,16118.15,15919.55,15933.15,718002466,33043.65
24-Jun-21,15978.1,16038,15946.55,16011.55,612172600,37069.95
25-Jun-21,16058.95,16097.2,15998.55,16087.2,583841789,34177.49
28-Jun-21,16141.45,16141.7,16032.75,16055.2,592658931,26591.6
29-Jun-21,16050.5,16088.55,15966.85,15992.1,724862193,33684.74
30-Jun-21,16020.9,16073.85,15945.55,15959.4,551617037,27098.24
01-Jul-21,15992.2,15992.75,15913.3,15928.1,460474969,24766.28
02-Jul-21,15950.95,15972.65,15883.1,15957.1,476828532,24976.45
05-Jul-21,16027.95,16078.2,15999.2,16066.9,434958600,23371.55
06-Jul-21,16045.05,16149.7,16039.75,16054.9,678521568,33209.67
07-Jul-21,16055.35,16133.7,16013.55,16117.4,566273587,28912.13
08-Jul-21,16100.8,16136.4,15935,15981.95,559779451,26574.86
09-Jul-21,15948.7,15987.4,15896.15,15952.4,446947304,25410.74
12-Jul-21,16028.95,16050.95,15911.7,15955.95,459242776,23924.44
13-Jul-21,16053.5,16063.7,15994.8,16055.6,493576499,24466.36
14-Jul-21,16058.15,16112,16009.1,16091.5,407997695,24168.83
15-Jul-21,16114.1,16184.7,16100.15,16160.2,593534126,27686.09
16-Jul-21,16194.7,16200.3,16129.4,16172.05,560387052,28363.96
19-Jul-21,16015.05,16097.4,15958.3,16006.9,486658326,25156.31
20-Jul-21,15962.5,15983.1,15829.5,15886.25,574670087,30391.77
22-Jul-21,15995.3,16105.6,15988.55,16094.25,501353552,35329.12
23-Jul-21,16127.85,16161.65,16032,16119.1,543310009,29736.44
26-Jul-21,16117.25,16156.2,16066.15,16094.2,671538590,27603.8
27-Jul-21,16131.45,16152.7,15967.15,16011.05,621150561,34838.39
28-Jul-21,16030.6,16030.6,15781.9,15983.9,610914732,33282.51
29-Jul-21,16040.5,16082.55,16013.8,16045.2,693097698,37242.07
30-Jul-21,16073.55,16138.65,16022,16040.15,694452404,38723.11
02-Aug-21,16151.8,16174.95,16112.8,16166.95,538271694,28453.45
03-Aug-21,16235.4,16415.95,16201.9,16399.95,624661069,35066.31
04-Aug-21,16465.55,16544.7,16448.85,16494.55,709009956,39864.52
05-Aug-21,16526.35,16566.2,16430.9,16520.5,689345101,37974.97
06-Aug-21,16533.75,16564,16463,16476.55,602511419,33880.79
09-Aug-21,16524.05,16554.45,16404.9,16483.45,431980427,25642.86
10-Aug-21,16505,16578.65,16407.5,16493.85,533828340,29732.1
11-Aug-21,16535.45,16547.75,16345.5,16490.15,593572198,30021.65
12-Aug-21,16512,16577.8,16485.7,16569.3,495346726,25968.24
13-Aug-21,16591.85,16731.2,16582.9,16716.15,566602415,35835.76
16-Aug-21,16709.15,16769.3,16667.55,16748,438699908,28818.31
17-Aug-21,16733.65,16819.55,16680.5,16805.15,612896600,38699.52
18-Aug-21,16876.6,16897.3,16749.95,16778.8,530941669,34303.92
20-Aug-21,16599,16724.6,16586.6,16642.15,653147372,41115.81
23-Aug-21,16784.25,16784.8,16574.1,16673.35,630187725,34679.57
24-Aug-21,16744.6,16825.7,16678.4,16808,612740257,34331.59
25-Aug-21,16844.8,16896.45,16809.4,16830.1,522397392,30221.47
26-Aug-21,16834.65,16888.85,16804.85,16841.6,527918913,30525.11
27-Aug-21,16858.75,16945.5,16782.8,16930.85,442822464,28410.88
30-Aug-21,17003.4,17183.05,16993.35,17164.2,546625136,30986.6
31-Aug-21,17182.9,17394.6,17153.4,17373.1,774594698,52065.64
01-Sep-21,17432.65,17470.65,17321.7,17343.3,615273961,36052
02-Sep-21,17363.15,17515.55,17328.6,17504.6,568003449,31606.5
03-Sep-21,17542.5,17613.5,17487.6,17597.45,541096268,31512.38
06-Sep-21,17677.6,17695.75,17613.85,17641,402722253,27498.45
07-Sep-21,17669.4,17691.15,17542.8,17618.7,438514793,26292.13
08-Sep-21,17633.8,17647.95,17521.85,17626.2,542876868,30786.31
09-Sep-21,17591.25,17663.35,17579.55,17652.9,427076245,23727.78
13-Sep-21,17649.95,17669.25,17558.15,17648.6,456703597,24801.54
14-Sep-21,17716.45,17733.25,17666.15,17678.45,1156986556,27604.77
15-Sep-21,17694.6,17823,17690.95,17809.5,891381931,32615.31
16-Sep-21,17838.25,17941.2,17808.85,17925.05,1733583827,40417.91
17-Sep-21,17997.3,18072.5,17814.8,17864.55,1411683174,58056.5
20-Sep-21,17719.65,17888.7,17619.65,17654.1,680330835,33120.38
21-Sep-21,17696,17834.4,17577.1,17817.95,664499985,37902.57
22-Sep-21,17838.85,17875.95,17787,17817.7,546864061,29720.12
23-Sep-21,17939.85,18104.95,17917.3,18085.8,614465982,36466.14
24-Sep-21,18159.65,18204.05,18054.6,18090.2,662104327,42665.57
27-Sep-21,18167.9,18168.05,18028,18085.55,523832714,33468.28
28-Sep-21,18135.9,18141.55,17811.2,17973.15,764833646,36815.85
29-Sep-21,17881.7,17998.15,17834.8,17926.05,1015094815,42341.38
30-Sep-21,17939.35,17962.55,17814.95,17845.1,774914523,36817.36
01-Oct-21,17768,17802.25,17686.6,17778.55,847071913,30320.4
04-Oct-21,17867.8,17992.25,17837.35,17956.75,702640441,31330.9
05-Oct-21,17934.55,18093.2,17912.35,18082.8,790877229,32127.41
06-Oct-21,18130.35,18157.45,17873.55,17905.85,830428886,34443.31
07-Oct-21,18072.5,18122.4,18031.5,18058,785757555,36243.73
08-Oct-21,18154,18195.3,18092.55,18141.7,689834891,31536.64
11-Oct-21,18128.7,18289.45,18100.7,18198.9,683323566,36616.69
12-Oct-21,18181.55,18275,18125.2,18258.85,724211945,35552.67
13-Oct-21,18365.9,18469.1,18323.35,18433.2,901778939,44813.37
14-Oct-21,18543.05,18621.6,18525.8,18610.35,976710994,49481
18-Oct-21,18789.3,18807.5,18717.65,18734.9,1593724188,52503.55
19-Oct-21,18869.65,18870.7,18604.1,18646.15,940417482,44209.69
20-Oct-21,18665.05,18678.75,18399.75,18467.75,832368230,41676.2
21-Oct-21,18587.2,18588.45,18240.2,18374.1,1048565491,43579.1
22-Oct-21,18426.35,18502.85,18203,18285.15,988154975,36725.21
25-Oct-21,18396.2,18406.15,18096.65,18272.4,1004845866,44464.05
26-Oct-21,18301,18463.85,18260.75,18425.15,946700657,39259.83
27-Oct-21,18457.2,18515.8,18348.25,18390.05,823745656,40497.79
28-Oct-21,18368.25,18369.65,17971.6,18028.1,1102473497,42430.8
29-Oct-21,18010.55,18114.5,17782.45,17880.8,913928498,40947.94
01-Nov-21,17996.55,18156.45,17901.5,18134.6,806188031,35344.54
02-Nov-21,18174.7,18211,18062.1,18101,664609217,32863.23
03-Nov-21,18161.2,18200,17979.85,18066.95,680169466,34905.3
04-Nov-21,18176.7,18188.2,18139.9,18156.15,119592729,4859.71
08-Nov-21,18280.75,18339.65,18079.45,18320.65,706457009,40751.72
09-Nov-21,18338.35,18364.6,18240.8,18309.05,608884160,33224.61
10-Nov-21,18238,18335.2,18191.6,18291.75,661938185,33257.82
11-Nov-21,18248.5,18252.6,18085.5,18156.8,570489700,28985.56
12-Nov-21,18266.75,18407.45,18197.9,18389.5,473379047,31386.43
15-Nov-21,18438.25,18498.7,18364.4,18401.65,485662765,27551.06
16-Nov-21,18420.25,18425.8,18260.85,18301.45,506128195,31602.06
17-Nov-21,18244.05,18338.35,18189.45,18211.35,505043036,32705.81
18-Nov-21,18208.6,18260.6,17979.3,18059.5,671098013,33077.36
22-Nov-21,18096.9,18103.5,17561.6,17708.55,740474645,40093.15
23-Nov-21,17581.55,17865.7,17518.95,17823.5,956126397,45357.51
24-Nov-21,17870.5,17917.1,17673.1,17733,570430991,32029.4
25-Nov-21,17739.55,17884.95,17657.65,17861.65,531107649,30724.25
26-Nov-21,17665.1,17683.5,17297.15,17340.5,744895684,40220.37
29-Nov-21,17351.65,17448.75,17060.7,17339.15,661311253,36489.1
30-Nov-21,17333.75,17611.4,17216.6,17270.25,978145103,54271.93
01-Dec-21,17381.4,17482.65,17338.6,17444.45,626397053,31734.09
02-Dec-21,17465.9,17694.3,17434.7,17675,526193475,30004.14
03-Dec-21,17701.25,17764.15,17477.75,17493.7,567503105,30536.87
06-Dec-21,17511.3,17517.9,17175.55,17197.5,525103845,23914.61
07-Dec-21,17332.25,17535.4,17275.95,17464.95,772073633,29119.32
08-Dec-21,17595.55,17766.1,17589.8,17751.9,564947557,29023.25
09-Dec-21,17805.8,17824.2,17667.1,17797.8,803595454,26497.91
10-Dec-21,17760.45,17821.15,17699.05,17802.6,701944295,24546.14
13-Dec-21,17918.85,17941.35,17653.6,17664.85,752835906,29317.51
14-Dec-21,17586.7,17677.4,17528.05,17637.7,623847228,29548.85
15-Dec-21,17637.45,17662.95,17505.8,17526.35,489150253,23112.92
16-Dec-21,17674.35,17680.8,17480.15,17539.3,501005246,23934.17
17-Dec-21,17559.85,17578.75,17231.7,17249,677580927,39340.4
20-Dec-21,17084.6,17097,16653.6,16856.2,707076359,33049.25
21-Dec-21,17011.85,17192.95,16950.2,17037.75,531631132,26477.11
22-Dec-21,17135.65,17248.45,17096.6,17232.8,503898252,23143.66
23-Dec-21,17346.7,17398.35,17303.05,17360.65,433625376,21980
24-Dec-21,17434.25,17441.55,17192.7,17273.65,438101332,20313.88
27-Dec-21,17214.15,17374.8,17103.95,17351.8,363990750,17539.55
28-Dec-21,17444.55,17517.85,17428.1,17501.75,393668030,19191.98
29-Dec-21,17491.05,17552.7,17444.6,17478.8,416809053,18643.75
30-Dec-21,17465.25,17516.05,17413.2,17449.3,593559976,27373.05
31-Dec-21,17488.45,17659.55,17485.95,17618.8,371496953,19173.22
03-Jan-22,17654.45,17894.15,17651.45,17874,575683312,21144.43
04-Jan-22,17934.5,18051.5,17831.5,18030.95,674492688,24882.48
05-Jan-22,18044.3,18164.7,17974.9,18147.5,789824157,31237.94
06-Jan-22,17997.6,18025.25,17889.75,17985.6,550858346,29011.07
07-Jan-22,18035.7,18140.85,17944.4,18053.95,591465718,28020.37
10-Jan-22,18146.2,18243.25,18109.75,18229.1,543921895,27160.04
11-Jan-22,18225.7,18295,18181.4,18275.15,569932171,28895.5
12-Jan-22,18390.85,18443.8,18346.95,18430.25,492317459,30033.47
13-Jan-22,18478.55,18495.65,18385,18482.45,643144164,35865.39
14-Jan-22,18411.2,18515.1,18348.4,18485.7,454768633,27817.29
17-Jan-22,18471.6,18553.4,18456.55,18543.2,480741724,30342.88
18-Jan-22,18577.7,18595.15,18302.95,18331.7,542803602,30424.25
19-Jan-22,18349.55,18349.55,18114.85,18179.7,623258579,35196.24
20-Jan-22,18168.25,18187.6,17915.75,18021.1,514640853,33976.91
21-Jan-22,17882.35,17953.6,17721.3,17856.15,584307648,34657.04
24-Jan-22,17821.55,17841.4,17197,17353.45,824077868,38721.8
25-Jan-22,17200.4,17519.6,17030.45,17489.15,697193637,40590.29
27-Jan-22,17281.7,17376.85,17069.75,17302.35,870932337,47574.6
28-Jan-22,17405.55,17587.6,17289.2,17314.7,753065462,38478.22
31-Jan-22,17516.9,17623.25,17479.65,17547.4,643934374,33612.85
01-Feb-22,17731.55,17826.15,17464.25,17796.25,851158008,39287.21
02-Feb-22,17920.05,18012.25,17889.15,17998.75,654342247,31702.97
03-Feb-22,17985.1,17996.3,17749.4,17794.7,582898924,28730.91
04-Feb-22,17826.25,17858.2,17701.2,17755.3,625558256,28816.69
07-Feb-22,17710.05,17791.7,17382.8,17477.65,792391604,31740.46
08-Feb-22,17543.2,17572.7,17298.35,17509.8,761377909,32643.62
09-Feb-22,17612.55,17720.9,17583,17707.85,546252731,26859.49
10-Feb-22,17794,17869.1,17665.7,17842.9,623070495,30764.24
11-Feb-22,17694.4,17696.95,17541.65,17606.6,552477065,30510.64
14-Feb-22,17293.1,17318.45,17026.4,17060.7,675019407,33199.18
15-Feb-22,17147.9,17582.9,17037.6,17560.55,653393865,32898.01
16-Feb-22,17626.25,17706.1,17481.65,17530.65,525193322,27626.91
17-Feb-22,17608.45,17657.1,17457.2,17524.45,481500002,25243.97
18-Feb-22,17456.7,17586.35,17439.05,17472.9,428511837,21855.55
21-Feb-22,17389.55,17532.4,17251.85,17379.1,449219806,24412.25
22-Feb-22,17012.75,17321.15,17009.3,17276.5,647475236,32059.68
23-Feb-22,17378.95,17413.3,17240,17273.45,495074727,24262.53
24-Feb-22,16742.8,16897.85,16384.45,16428.05,1217075206,50092.19
25-Feb-22,16703,16955.5,16676.6,16872.35,856270671,34646.99
28-Feb-22,16701.7,17035.15,16568.45,17016.55,894962316,44527.78
02-Mar-22,16826.25,16930.2,16732.05,16855.7,990392072,49111.73
03-Mar-22,16991,17032.95,16708.1,16761.6,891718687,42033.84
04-Mar-22,16610.75,16700.55,16384.25,16482.85,876335255,44092.48
07-Mar-22,16116.1,16180.6,15938.75,16086.95,1011359532,47086.14
08-Mar-22,15991.45,16267.05,15901.1,16251.65,970057628,48120.94
09-Mar-22,16328.4,16648.1,16245.75,16571.55,862927767,44128.55
10-Mar-22,16979.85,16979.85,16689.8,16835.5,947887015,45227.8
11-Mar-22,16773.6,16928.25,16717,16877.7,648813389,31852.74
14-Mar-22,16882.5,17092.15,16833.1,17076.6,646865590,32476.01
15-Mar-22,17107.75,17136.9,16764.25,16873.45,757602885,39162.15
16-Mar-22,17086,17209.5,17052.6,17198,536867561,28773.54
17-Mar-22,17422.35,17553.7,17394.25,17505.4,1534521770,47278.29
21-Mar-22,17550.5,17576.5,17306.6,17323.65,642894568,31109.92
22-Mar-22,17329.55,17518.25,17195.6,17499.2,661587380,35430.7
23-Mar-22,17593.4,17625.9,17399.8,17446.05,665051234,33853.19
24-Mar-22,17305.85,17494.15,17301.8,17429.95,547125259,32265.4
25-Mar-22,17500.85,17506.95,17287.85,17370.5,501916257,27859.31
28-Mar-22,17404.8,17434.8,17213.8,17422.15,592729810,27627.63
29-Mar-22,17500.45,17541.25,17438.4,17523.6,555541052,27711.18
30-Mar-22,17665.6,17718.05,17589.15,17684.3,1071575198,41606.55
31-Mar-22,17710.75,17752.55,17627.35,17660.35,545400626,32202.79
01-Apr-22,17643.9,17912.7,17631.1,17879.5,542934164,29132.51
04-Apr-22,18010.3,18281.95,17994.9,18256.1,625460745,47518.83
05-Apr-22,18294.25,18327.75,18159.85,18195.1,574202231,37887.72
06-Apr-22,18089.3,18154.05,18042.85,18075.1,633715622,33765.24
07-Apr-22,18006.65,18092.3,17906.1,17920.8,598781985,35577.11
08-Apr-22,17993.65,18144.35,17906.55,18089.3,526966875,35438.36
11-Apr-22,18062.45,18114.55,17992.95,18032.4,485791794,31029.93
12-Apr-22,17965.3,17970.95,17786.95,17877.55,526484060,35744.67
13-Apr-22,17956.2,18017.3,17816.2,17835.2,452942627,27170.1
18-Apr-22,17566,17615.05,17440.6,17565.95,592984885,38703.03
19-Apr-22,17662.55,17687.45,17199.5,17330.4,649407575,45457.05
20-Apr-22,17425.2,17553.95,17353.9,17496.65,489476021,34308.89
21-Apr-22,17602.6,17766.9,17578,17750.2,485141842,33655.36
22-Apr-22,17610.3,17678.25,17518.85,17541.1,433798621,32584.12
25-Apr-22,17373.15,17403.9,17236.45,17300.35,526765371,30431.12
26-Apr-22,17472.1,17600.45,17429.85,17577.8,455170139,30243.58
27-Apr-22,17453.55,17484.15,17321.1,17398.55,460394240,32337.73
28-Apr-22,17557.6,17687.5,17429.2,17615.4,491821341,35034.66
29-Apr-22,17703.1,17741.4,17404.9,17457.2,535222033,37123.71
02-May-22,17286.65,17439.9,17269.85,17419.45,427130292,26350.33
04-May-22,17451.15,17483.8,16944.55,17004.05,546540108,34403.99
05-May-22,17186.35,17270.6,16978.65,17016.6,472621694,28197.7
06-May-22,16740.1,16807.1,16654.25,16729.55,573858432,33593.42
09-May-22,16549.25,16694.6,16441.4,16581.8,497883224,29782.5
10-May-22,16533.4,16653.85,16426.9,16466.25,510072619,29574.33
11-May-22,16502.45,16576.4,16204.25,16399.7,592900794,30933.52
12-May-22,16263.2,16281.05,15946.15,16023.9,733925567,32837.71
13-May-22,16200.6,16315,15941.1,15986.5,710184455,35898.01
16-May-22,16062.65,16199.25,15946.8,16079,505410516,27053.6
17-May-22,16166,16522.65,16152.5,16498.5,542283371,30112.55
18-May-22,16566.7,16655.45,16461.6,16485.8,585374209,32363.37
19-May-22,16146.7,16213.1,16015.3,16047.35,545567722,31225.45
20-May-22,16290.2,16491.1,16253.55,16476.7,464256953,29386.07
23-May-22,16504.6,16612.15,16382.1,16409.75,634014394,32791.08
24-May-22,16428.6,16460,16262.35,16312.3,677681453,29461.88
25-May-22,16384.3,16409.3,16167.5,16187.15,567619247,28159.16
26-May-22,16267.6,16382.85,16046.55,16341.9,627926035,36566.17
27-May-22,16473.3,16534.55,16388.7,16516.8,491131646,28092.97
30-May-22,16692.2,16860.4,16672.6,16838.15,571015506,29119.35
31-May-22,16761.55,16883.6,16702.45,16767.5,1144620956,71530.65
01-Jun-22,16772.05,16831.2,16601.85,16688.95,542486555,26928.77
02-Jun-22,16650.25,16810.55,16613.65,16794.75,477082918,26886.39
03-Jun-22,16928.45,16953.65,16705.75,16721.5,427464828,28876.7
06-Jun-22,16671.3,16741.2,16565.5,16701.2,414372254,23349.71
07-Jun-22,16602.1,16619.05,16489.15,16550.7,419140740,23739.8
08-Jun-22,16610.75,16649.75,16425.8,16492.2,454696117,24656.16
09-Jun-22,16402.5,16631.15,16374.45,16616.4,416144425,22724.16
10-Jun-22,16426.3,16465.3,16322.55,16353.5,375325403,23656.92
13-Jun-22,16033.65,16044.5,15850.85,15936.05,420540506,25708.2
14-Jun-22,15848.95,16034.55,15822.6,15905.6,454448361,26709.27
15-Jun-22,15918.1,15966,15858.35,15874.9,338347631,20382.93
16-Jun-22,16021.85,16046.05,15518,15543.35,498161175,28051.1
17-Jun-22,15452.8,15575.95,15344.55,15445.8,652569522,38732.85
20-Jun-22,15489.5,15517.8,15336.05,15481.95,524329439,25462.43
21-Jun-22,15593.4,15845.45,15558.7,15793.15,521560028,25417.22
22-Jun-22,15702.45,15718.35,15528.55,15555.3,441506472,22047.54
23-Jun-22,15594.8,15775.8,15515.8,15704.8,475793154,26970.35
24-Jun-22,15809.6,15895.3,15773.65,15858.3,427456361,24183.78
27-Jun-22,16082.45,16086.95,15974.4,15990.3,481338651,23974.78
28-Jun-22,15919.3,16045.05,15857,16008.85,567291320,25296.59
29-Jun-22,15857.1,16013.8,15845.45,15952.75,709577920,29494.83
30-Jun-22,15933.95,16047.75,15881,15929.4,615442410,31146.45
01-Jul-22,15861.6,15966.05,15679.3,15925.95,662502616,32550.37
04-Jul-22,15894.7,16033.9,15844.65,16018.15,506472533,25114.55
05-Jul-22,16093.55,16209.3,15973.35,16001.6,460877735,25068.66
06-Jul-22,16009.3,16217.2,15990.15,16196.25,509781748,29706.06
07-Jul-22,16322.15,16355.75,16251.65,16339.1,537405844,27777.66
08-Jul-22,16475.85,16477.35,16353.1,16424,466291324,26001.38
11-Jul-22,16346.75,16491.1,16331.2,16465.1,474969741,28076.14
12-Jul-22,16380.15,16421.95,16293.8,16323.5,468966651,23378.99
13-Jul-22,16396.95,16411.55,16220.15,16237.25,460657028,26495.62
14-Jul-22,16294.75,16329.55,16115.65,16213.05,448960438,26821.76
15-Jul-22,16287.85,16334.65,16204.05,16317.2,438198765,25880.37
18-Jul-22,16423.85,16559.2,16415.15,16548.15,437767537,25720.07
19-Jul-22,16460.95,16634.35,16460.95,16614.05,460307041,24649.11
20-Jul-22,16829.05,16846.95,16744.3,16773.7,585700102,30439.11
21-Jul-22,16777.25,16904.4,16737.8,16881.7,444196300,28312
22-Jul-22,16940.2,17002.9,16872.4,16970.7,380785902,25046.15
25-Jul-22,16924.3,16960.3,16825.45,16892.1,613885963,26522.28
26-Jul-22,16896.4,16899,16710,16733.3,785774747,27954.21
27-Jul-22,16724,16900.95,16687.25,16889.55,736827380,24919.82
28-Jul-22,17016.1,17186.4,16985.15,17169.7,865342477,35944.72
29-Jul-22,17317.35,17413.85,17266,17400.75,855219782,37250.02
01-Aug-22,17487.65,17614.2,17396,17598.8,758307716,30796.3
02-Aug-22,17576.05,17656.9,17489.8,17618.25,1129136383,32728.33
03-Aug-22,17621.25,17665.35,17487.7,17646,1101499402,32366.56
04-Aug-22,17723.5,17753.85,17420.4,17652.95,997639204,33681.46
05-Aug-22,17699.35,17747.4,17625.35,17655.5,1079704008,32477.93
08-Aug-22,17664.2,17799.9,17621.15,17784.8,589792852,25588.64
10-Aug-22,17829.45,17829.45,17695.8,17784.9,706978275,28925.48
11-Aug-22,17955.9,17962.35,17883.1,17913.95,641188659,27609.58
12-Aug-22,17916.65,17982.9,17857.75,17956.8,853801337,27596.08
16-Aug-22,18056.25,18118.45,18028.1,18107.25,761850006,30089.29
17-Aug-22,18154.2,18258.15,18125.85,18235.55,770958783,31696.92
18-Aug-22,18195.65,18277.1,18156.3,18264.4,771766329,29266.16
19-Aug-22,18281.6,18304.7,18026.6,18071.1,815902704,34665.63
22-Aug-22,18001.3,18007.1,17767.25,17792.45,703536891,29513.94
23-Aug-22,17654.5,17926.95,17644.6,17878.4,689334291,30389.71
24-Aug-22,17832.85,17933.1,17790.9,17917.3,570026886,26750.18
25-Aug-22,17992.8,18044.85,17813.8,17847.65,592190669,26539.97
26-Aug-22,17949.1,18017.45,17855.95,17893.8,585676675,24915.38
29-Aug-22,17499.75,17730.1,17486.85,17666.45,522831347,26926.25
30-Aug-22,17776.75,18131.3,17766.85,18112.4,688366974,37000.16
01-Sep-22,17858.45,18063.9,17850.15,17924.3,709690218,35784.27
02-Sep-22,17989.5,18029.4,17871.2,17916,565765282,28125.9
05-Sep-22,17928.8,18041.65,17922.95,18021.65,475941550,23289.86
06-Sep-22,18061.9,18125.05,17955.25,18031.3,633633612,26673.32
07-Sep-22,17906.65,18036.75,17874.65,18008.1,629120244,33568.13
08-Sep-22,18135.85,18178.2,18067.85,18168.85,640331216,31691.32
09-Sep-22,18298.9,18298.9,18148.5,18198.1,625387683,29161.91
12-Sep-22,18257.85,18352.8,18255.55,18319.8,498666726,25730.73
13-Sep-22,18429.05,18471.05,18393.45,18453.7,677479930,31054.33
14-Sep-22,18147.6,18486.95,18147.6,18405.6,817958520,40791.57
15-Sep-22,18459.9,18505.2,18282.75,18316.9,672747588,35045.74
16-Sep-22,18239.15,18259.1,17898.3,17938.1,1046329817,52993.84
19-Sep-22,17958.3,18080.65,17828.75,18025.25,633455394,31892.7
20-Sep-22,18180.9,18329,18161.35,18222.1,599208501,31251.04
21-Sep-22,18180.55,18255.45,18041.15,18091.9,544116980,31655.4
22-Sep-22,17988.5,18111.45,17914.15,18030.4,571313506,30559.46
23-Sep-22,18004.95,18050.1,17686.05,17718.45,683135801,32096.96
26-Sep-22,17549,17576.4,17329.3,17374.8,831865971,37167.46
27-Sep-22,17469.9,17544.15,17290.85,17366.4,651351673,31863.36
28-Sep-22,17229,17401.4,17179.25,17219.55,621529309,29101.16
29-Sep-22,17361.85,17403.55,17139.25,17167.75,747058800,39217.71
30-Sep-22,17146.95,17518.1,17080.65,17438.6,655068180,35737.16
03-Oct-22,17448.7,17469.9,17137.3,17190.9,495344880,29440.96
04-Oct-22,17470.75,17602.05,17444.4,17589.3,431258383,26280.47
06-Oct-22,17700.85,17750.6,17647.4,17662.8,502210149,28450.2
07-Oct-22,17624.6,17660.15,17532.9,17641.45,541688572,24616.71
10-Oct-22,17419.2,17596.15,17380.6,17553.15,450287642,22148.86
11-Oct-22,17582.2,17585.75,17251.15,17285.85,494692294,28506.85
12-Oct-22,17330.8,17440.45,17249.9,17423.4,451989351,24151.61
13-Oct-22,17393,17417.15,17247.4,17302.15,446348804,23069.01
14-Oct-22,17612.85,17620.85,17418.55,17432.55,419109863,23200.22
17-Oct-22,17395.2,17580.25,17335.5,17560.5,396284150,23433.54
18-Oct-22,17685.15,17774,17681.85,17741.2,526689417,25120.21
19-Oct-22,17822.65,17862.05,17721.25,17756.25,405708189,23642.23
20-Oct-22,17670.6,17850.8,17665.9,17829.45,477837828,25037.56
21-Oct-22,17887.95,17915.25,17751.25,17808.8,500352198,30934.45
24-Oct-22,17973.75,18008.5,17926.95,17951.3,79957768,4766.25
25-Oct-22,18023.9,18027.3,17871,17887.4,495935445,26465.47
27-Oct-22,18002.05,18027.95,17899.65,17989,577654252,32358.75
28-Oct-22,18011.3,18065.05,17950.1,18017.2,468200586,25803.05
31-Oct-22,18133.75,18256.65,18125.1,18243.4,481944829,28668.88
01-Nov-22,18354.9,18397.55,18290.35,18383.2,576440671,34730.25
02-Nov-22,18413,18413.9,18287.35,18322.4,468157775,27084.98
03-Nov-22,18206.9,18344.05,18198,18297.4,402498189,22265.79
04-Nov-22,18301.95,18377.25,18254.65,18361.45,494408351,28541.83
07-Nov-22,18456.45,18496.95,18309.4,18450.15,685745202,35060.05
09-Nov-22,18534.65,18538.05,18363.85,18406.25,623903832,33780.98
10-Nov-22,18302.35,18356.25,18202.15,18267.1,531651402,27437.64
11-Nov-22,18505.95,18586.15,18498.9,18573.35,1005918620,42055.5
14-Nov-22,18603.95,18626.15,18547.05,18568.4,668369172,30870.23
15-Nov-22,18603.65,18656.55,18516.8,18635.4,479599069,25752.4
16-Nov-22,18632.7,18657.5,18546.95,18615.5,485905800,28602.77
17-Nov-22,18569.6,18618.9,18501.15,18532.45,494522271,26533.1
18-Nov-22,18575.75,18587.85,18385.45,18483.2,461090184,24541.36
21-Nov-22,18426.1,18439.65,18305.75,18334.65,437460150,20808.52
22-Nov-22,18353.2,18421.85,18307.85,18407.5,420710813,22431.11
23-Nov-22,18487.25,18487.4,18411.1,18433.8,428770837,23213.12
24-Nov-22,18492.3,18665.95,18462.95,18627.25,475596395,25208.4
25-Nov-22,18673.8,18677.1,18583.85,18652.05,459912555,23904.15
28-Nov-22,18582.55,18751,18521.6,18696.75,449366729,26289.93
29-Nov-22,18691.55,18815.9,18689.6,18758.35,418547673,24387.78
30-Nov-22,18771.35,18980.75,18762.6,18919.55,1135332237,48778.25
01-Dec-22,19034.2,19039.4,18939.6,18973.05,622998762,31618.76
02-Dec-22,18925.85,18948.15,18812.6,18870.25,543800242,28761.85
05-Dec-22,18898,18905.6,18755.5,18867.65,546372142,26420.31
06-Dec-22,18777.6,18832.6,18760.2,18821.55,424767766,24086.06
07-Dec-22,18826.35,18858.3,18721.85,18754,393286952,24742.19
08-Dec-22,18770.8,18820.35,18739,18802,440797208,25806.12
09-Dec-22,18859.4,18861.3,18594.7,18687.65,519690427,29362.71
12-Dec-22,18605.2,18711.2,18536.45,18690.8,395005467,23693.06
13-Dec-22,18724.05,18793.7,18688.95,18781.65,358000819,22607.61
14-Dec-22,18842.85,18872.65,18817.35,18837.25,400875880,23224.27
15-Dec-22,18795.55,18833.65,18576,18604.45,376507976,22181.9
16-Dec-22,18512.15,18624.65,18432,18446.3,536648695,31052.81
19-Dec-22,18466.7,18616.45,18419.45,18604.5,329840017,19748.05
20-Dec-22,18532.95,18589.5,18391.2,18570.4,343411440,20964.61
21-Dec-22,18621.3,18664.75,18324.4,18361.15,403210012,23883.42
22-Dec-22,18447,18484.95,18212.5,18277.85,434457105,23191.8
23-Dec-22,18128.5,18193,17855.15,17888.05,542363107,26227.87
26-Dec-22,17910.65,18204.2,17834.1,18134.6,421674662,19934.93
27-Dec-22,18214.95,18280.5,18097.75,18263.55,396290540,18092.21
28-Dec-22,18220.35,18317.4,18200.2,18270.95,399914494,19501.25
29-Dec-22,18192.2,18387.6,18124.8,18343.6,468492936,25341.9
30-Dec-22,18422.4,18434.2,18232.3,18258.75,352046560,19497.4
02-Jan-23,18290.2,18350.9,18237.45,18334.3,391002847,15904.28
03-Jan-23,18310.65,18398.95,18298.55,18376.5,373388886,18672.81
04-Jan-23,18375.65,18385.9,18153.05,18173.45,436064557,23142.57
05-Jan-23,18236.55,18256.3,18032.45,18150,432833352,27700.83
06-Jan-23,18165.95,18200.3,17951.8,18013.95,402620783,22661.45
09-Jan-23,18111.3,18276.25,18098,18248.55,421982279,24842.82
10-Jan-23,18270,18274.4,18008.3,18081,462384104,25603.06
11-Jan-23,18094.65,18135.3,17988.2,18054.3,439497604,25069.2
12-Jan-23,18080.55,18105.15,17932.75,18028.3,435102300,26608.75
13-Jan-23,18041.2,18157.15,17949.15,18126.25,437769467,26758.57
16-Jan-23,18191.85,18212,18029,18074.2,360491215,22876.17
17-Jan-23,18102.15,18235.35,18065.45,18216.4,462879483,24529.25
18-Jan-23,18237.6,18324.3,18189.55,18307.4,503577655,26606.13
19-Jan-23,18260.1,18291.65,18202.8,18244.75,413198241,23657.42
20-Jan-23,18252.8,18278.15,18156,18169.45,449789814,26781.31
23-Jan-23,18254.7,18292.5,18203.85,18249.35,391156123,23138.23
24-Jan-23,18313.6,18323.75,18210.5,18245.35,428278621,25875.95
25-Jan-23,18213.55,18219.9,17950.4,17974.35,732556490,30711.7
27-Jan-23,17946,17953.3,17483.9,17594.5,973111249,53348.32
30-Jan-23,17498.65,17676.6,17331.9,17571.85,847394241,51363.81
31-Jan-23,17636.75,17644.15,17467.5,17601,812677778,46556.37
01-Feb-23,17744.85,17866.95,17247.6,17516.15,962048217,52846.73
02-Feb-23,17401.25,17534.35,17321,17490.3,823470101,47606.56
03-Feb-23,17574.5,17701.8,17422.2,17687.35,742945356,43363.36
06-Feb-23,17648.7,17652.2,17541.8,17611.45,542865815,29344.74
07-Feb-23,17626.45,17654.9,17504.25,17569.7,653277012,34231.04
08-Feb-23,17598.55,17743.9,17596.85,17719.85,768742271,34318.74
09-Feb-23,17724.25,17751.65,17625.25,17723.85,694592763,32113.23
10-Feb-23,17675.4,17704.45,17634.95,17685.45,614400847,26367.97
13-Feb-23,17679.4,17697.1,17532,17575.15,460001519,23996.62
14-Feb-23,17626.3,17721.9,17581.6,17702.35,476013447,26626.99
15-Feb-23,17664.05,17804.9,17629.3,17786.9,396529863,27323.73
16-Feb-23,17856.95,17907,17783.3,17814.9,457455320,29016.44
17-Feb-23,17753.25,17808.55,17666.3,17721.05,405628683,23615.45
20-Feb-23,17737.1,17768.75,17600.85,17626.9,447586788,21234.02
21-Feb-23,17682.85,17699.25,17579.1,17604.4,458058307,22273.64
22-Feb-23,17529.65,17539.95,17307.1,17335,426436528,22683.46
23-Feb-23,17349.8,17386.3,17224.2,17286.3,542540511,25341.27
24-Feb-23,17357.2,17369,17198.3,17242.15,444420131,21418.29
27-Feb-23,17200.25,17212.9,17060.1,17156.15,458491354,22325.02
28-Feb-23,17145.3,17195.35,17039.6,17083.8,896665223,45392.46
01-Mar-23,17134.9,17253.45,17124.1,17238.45,476017918,25708.46
02-Mar-23,17217.05,17236.1,17112.65,17129.65,481862468,27792.6
03-Mar-23,17258.2,17433.9,17241.4,17385.95,596778663,31656.82
06-Mar-23,17475.25,17586.05,17467.8,17506.3,585488694,33244.89
08-Mar-23,17463.9,17564.4,17399.05,17552.95,458351746,29338.65
09-Mar-23,17578.25,17582.3,17382,17398.3,432573906,26785.92
10-Mar-23,17261.4,17269.1,17147,17244.3,415795244,24982.79
13-Mar-23,17257.25,17358.55,16960,16997.3,454645663,28580.14
14-Mar-23,17003.35,17060.05,16826.1,16887.05,520928878,33037.62
15-Mar-23,17002.75,17044.1,16795.5,16825.05,429851280,28858.79
16-Mar-23,16844.75,16923.85,16696.25,16852.25,1026773403,33963.57
17-Mar-23,16981.1,17014.3,16843,16964.8,828361517,40396.22
20-Mar-23,16920.9,16922.75,16700.25,16852.9,511597450,29047.8
21-Mar-23,16926.25,16990.45,16876.7,16970.5,449965572,28177.95
22-Mar-23,17041.9,17075.1,16987.5,17026.2,412213138,22184.13
23-Mar-23,16977.45,17075.7,16929.5,16958.15,424685624,26798.07
24-Mar-23,16966.7,16998.4,16806.1,16831.8,488074868,27921.35
27-Mar-23,16870.3,16953.55,16802.55,16849.3,480631714,25956.42
28-Mar-23,16884.75,16905.3,16758.1,16795.35,486814077,27424.36
29-Mar-23,16808.85,16962.7,16791.3,16918.05,667661992,36382.71
31-Mar-23,17043,17206.85,17036.1,17186.15,578037133,33474.53
03-Apr-23,17256.2,17256.2,17141.45,17224.75,418007489,26066.51
05-Apr-23,17245.65,17387.8,17232.65,17373.95,456502915,30384.32
06-Apr-23,17357.55,17451.1,17321.3,17414.65,433282462,31042.29
10-Apr-23,17454.05,17510.3,17422.9,17446.3,442890400,26385.67
11-Apr-23,17528.45,17571.05,17476.2,17540.8,473151367,30987.25
12-Apr-23,17582.8,17638.95,17539.95,17626.9,404282448,29354.6
13-Apr-23,17624.45,17647.7,17546.55,17635.15,441185064,32264.63
17-Apr-23,17667.3,17667.3,17411.55,17543.45,512403345,41207.31
18-Apr-23,17600.55,17600.55,17457.45,17510.85,418075432,28896.71
19-Apr-23,17507.45,17513.85,17421.8,17455.45,463842242,27003.4
20-Apr-23,17476.05,17515.5,17422.2,17459.85,354366507,23905.38
21-Apr-23,17476.1,17493.2,17388.55,17455.25,453374786,24047.13
24-Apr-23,17532.6,17574.85,17446.1,17564.4,412469788,27620.82
25-Apr-23,17582.2,17633.4,17546.8,17600.05,628545320,35183.15
26-Apr-23,17598.3,17657.7,17549.7,17645.55,410365983,26396.03
27-Apr-23,17646.45,17755.15,17631.7,17739.95,465247300,29665.51
28-Apr-23,17777.4,17926.05,17726.7,17903.95,713233004,36877.68
02-May-23,17964.35,18020.6,17943.5,17989.3,533631068,30870.2
03-May-23,17958.15,17971.25,17895.35,17941.1,451628664,26902.75
04-May-23,17938.6,18110.3,17923.45,18099.75,508491455,29763.81
05-May-23,17982.05,18076.7,17925.55,17939.25,480774129,32948.89
08-May-23,17984.55,18137,17966.25,18118.5,486563178,29634.12
09-May-23,18154.85,18198.85,18078.2,18114.05,530879123,31264.23
10-May-23,18158.05,18182.4,18064.6,18170.85,419927757,27481.89
11-May-23,18218.8,18242.35,18146.65,18174.25,440356073,32532.5
12-May-23,18152.7,18212.15,18070.1,18181.95,440043013,28764.3
15-May-23,18202.85,18317.7,18157.9,18258.1,411997113,26245.69
16-May-23,18291.6,18291.7,18141.7,18162.25,495619498,28448.79
17-May-23,18178.6,18186.75,17991.85,18056.7,433248145,27242.54
18-May-23,18156.75,18165.65,17964.35,17985.75,489486272,30150.89
19-May-23,18034.5,18074.5,17911.7,18060.35,498457987,29660.66
22-May-23,18065.65,18199.5,18040.45,18180.9,572350358,33885.85
23-May-23,18236.5,18287.45,18197.8,18219.8,501398613,35981.27
24-May-23,18178.55,18267.8,18149.3,18170,446478175,32293.85
25-May-23,18158.3,18230.35,18102.15,18213.6,543656757,30019.43
26-May-23,18256.15,18400.7,18223.3,18393.05,454357252,28516.26
29-May-23,18512.5,18532.25,18472.6,18490.25,472161867,27322.07
30-May-23,18500.15,18546.9,18470.1,18516.95,424836974,29428.63
31-May-23,18479.15,18484.5,18380.25,18438.3,1308657926,94251.62
01-Jun-23,18482.85,18493.25,18383.8,18405.7,465656547,31788.3
02-Jun-23,18469.25,18492.05,18402.7,18457,600189380,31057.96
05-Jun-23,18529.95,18554.9,18502.7,18513.85,494484215,27588.74
06-Jun-23,18525.35,18550.65,18459.8,18527.85,418121712,29157.32
07-Jun-23,18596.05,18671.6,18566.1,18659.65,469480614,28827.58
08-Jun-23,18665.4,18706.05,18546.1,18562.95,531220263,29750.54
09-Jun-23,18588.2,18607.15,18493.1,18502.1,426883077,27566.17
12-Jun-23,18537,18570.2,18498.3,18545.8,422942689,22530.08
13-Jun-23,18581.8,18679.25,18581.4,18668,455467417,29824.73
14-Jun-23,18700.25,18719.5,18644.75,18705.25,489264134,26472.8
15-Jun-23,18727.3,18757.45,18633.65,18653.6,485885011,31597.84
16-Jun-23,18695.35,18835.95,18683.35,18798.55,506983700,38661.2
19-Jun-23,18847.8,18855.75,18698.25,18732.8,430878393,29689.02
20-Jun-23,18736.3,18816.4,18651.85,18794.6,394048321,27332.93
21-Jun-23,18829.7,18858.2,18774.65,18827.8,430967143,26673.51
22-Jun-23,18830.35,18850.4,18710.3,18722.7,458714217,31561.09
23-Jun-23,18698.95,18710.05,18580.95,18595.75,415956951,28857.46
26-Jun-23,18600.65,18654.95,18578.05,18632.75,333203321,24556.79
27-Jun-23,18690.95,18761.5,18662.45,18751.3,410976528,28545.91
28-Jun-23,18840.8,18926.05,18795.75,18901.2,700212815,51036.63
30-Jun-23,18999.95,19110.5,18953.2,19099.55,517142806,38494.66
03-Jul-23,19159.95,19243.1,19148.55,19223.85,450398688,29150.6
04-Jul-23,19305.55,19318.7,19196.85,19270.55,386772641,32396.26
05-Jul-23,19295.35,19317.6,19239.85,19297.95,441780331,31679.87
06-Jul-23,19293.15,19410.05,19279.65,19397.1,504875960,35503.7
07-Jul-23,19333.55,19426.8,19205.25,19233.6,462801368,30429.9
10-Jul-23,19299,19316.9,19213.5,19239.8,437531389,31761.42
11-Jul-23,19307.35,19403.35,19288.2,19333.6,471580820,34616.46
12-Jul-23,19389.4,19398.1,19274.55,19293.7,531120085,49430.36
13-Jul-23,19400.35,19466.4,19275.4,19304.85,673359664,35333.35
14-Jul-23,19386.3,19482.7,19321.7,19454,533799057,32303.9
17-Jul-23,19500.35,19602.8,19457.75,19584.8,455264066,32293.03
18-Jul-23,19657.95,19681.65,19548.95,19605.85,490350122,40057.5
19-Jul-23,19658.65,19706.8,19596.6,19690.7,433185742,32412.45
20-Jul-23,19694.2,19822.95,19622.6,19811.9,445266713,37839.41
21-Jul-23,19655.25,19732.25,19562.4,19602.6,541969877,41098.04
24-Jul-23,19610.3,19642.8,19526.65,19540.45,499229214,32175.63
25-Jul-23,19593.75,19593.75,19491.05,19566.9,613056674,38176.96
26-Jul-23,19623.8,19706.35,19600.95,19662,468455875,30572.64
27-Jul-23,19731.55,19752.45,19510.3,19566.7,571516707,43179.85
28-Jul-23,19576.65,19606.45,19498.55,19580.65,584482867,32514.65
31-Jul-23,19598.9,19697.45,19545,19679.35,563542450,31729.75
01-Aug-23,19712.85,19722.1,19630.7,19659.85,514381765,32180.95
02-Aug-23,19590.55,19610,19339.75,19447.1,560545873,33188.9
03-Aug-23,19388.55,19453.9,19222.4,19310.9,822524821,44466.39
04-Aug-23,19394.75,19472.5,19378.4,19448.75,866019351,39415.32
07-Aug-23,19509.9,19546.15,19451.2,19521.85,642666057,31426.64
08-Aug-23,19554.6,19560.55,19450.1,19497.45,595738903,34093.78
09-Aug-23,19510.6,19565.7,19403.05,19554.75,511719386,30489.45
10-Aug-23,19535.55,19548.9,19423.5,19463.1,564705656,37486.35
11-Aug-23,19482.3,19484.4,19343.25,19359,461188158,33085.87
14-Aug-23,19313.45,19363.55,19153.7,19330.8,455062165,30435.9
16-Aug-23,19268.05,19375.05,19212.75,19358.05,429527871,30246.73
17-Aug-23,19350.8,19361.6,19236.3,19264.6,425792941,32210.52
18-Aug-23,19208.25,19273.15,19157.45,19209.35,435822563,33076.5
21-Aug-23,19224.05,19333.2,19205.25,19303.4,408731332,26388.31
22-Aug-23,19333.05,19364.25,19305.5,19325.45,455436259,27838.2
23-Aug-23,19371.35,19397,19302.7,19362.55,448647247,28415.11
24-Aug-23,19458.35,19504.2,19306.65,19323.35,470349100,31801.85
25-Aug-23,19242.55,19278.5,19162.7,19193.9,685637563,31381.8
28-Aug-23,19235.9,19299.1,19183.35,19243.65,506996567,24539.67
29-Aug-23,19311.7,19313.15,19259.45,19291.25,508563290,29165.39
30-Aug-23,19383.7,19400.65,19295.35,19307.5,598023745,27715.2
31-Aug-23,19331.35,19338.55,19178,19204.8,876026705,59940.55
01-Sep-23,19212.9,19403.75,19210.15,19382.95,622104423,34028.33
04-Sep-23,19473.4,19499.75,19382.95,19485.5,636244798,33143.69
05-Sep-23,19525.15,19542.8,19482.2,19531.2,536706150,31269.68
06-Sep-23,19542,19599.95,19464.1,19578.25,706342177,40487.23
07-Sep-23,19572.1,19703,19533.15,19690.5,574476898,31906.95
08-Sep-23,19741.3,19834.9,19703.65,19789.3,585954504,33788
11-Sep-23,19864.9,19981,19841.75,19970.8,547126947,32001.16
12-Sep-23,20082.1,20082.4,19835.05,19905.2,662984986,40549.94
13-Sep-23,19900.85,20000.5,19844.75,19977.8,496304827,31447.23
14-Sep-23,20040.55,20083.7,19961.4,20024.8,485429129,29099.26
15-Sep-23,20079.75,20136.3,20048.75,20108.4,810606190,53293.43
18-Sep-23,20092.95,20115.5,20039.75,20056.15,560901210,30259.39
20-Sep-23,19919,19984.15,19809.55,19832.6,658163236,46128.58
21-Sep-23,19779.2,19784.8,19641.2,19674.8,465826194,33415.09
22-Sep-23,19679.5,19732.8,19597.2,19614.2,474199840,32422.23
25-Sep-23,19622.05,19663,19539.7,19606.85,363901252,26544.03
26-Sep-23,19615.85,19640.95,19579.65,19606.05,367634046,24768.39
27-Sep-23,19583.4,19668,19498.45,19654.95,396763345,26475.33
28-Sep-23,19698.45,19703.35,19421.25,19451.65,602263622,39906.87
29-Sep-23,19511.45,19656.45,19482,19577.05,477429169,27699.51
03-Oct-23,19569.9,19571.5,19434.45,19492.7,545861728,30364.88
04-Oct-23,19416.05,19423.9,19277.3,19376.25,612220578,35518.55
05-Oct-23,19462.45,19504.35,19420.8,19476.05,634694993,30690.75
06-Oct-23,19554.4,19606.05,19524.7,19584.45,390795777,22594.33
09-Oct-23,19462.5,19504.65,19391.75,19428.9,399284007,21297.55
10-Oct-23,19485.95,19640.7,19484.75,19616.55,453810097,25622.34
11-Oct-23,19695.5,19767.15,19686.6,19736.8,526464996,27821.91
12-Oct-23,19755.95,19775.8,19709.2,19728.1,492034995,27332.57
13-Oct-23,19598.35,19744.3,19579.95,19691.7,485904867,30576.11
16-Oct-23,19678.1,19726.4,19636.4,19680.65,377959124,20625.27
17-Oct-23,19787.1,19792.75,19726.3,19758.9,383913850,22467.12
18-Oct-23,19769.35,19780,19600.35,19611.35,496419252,25695.03
19-Oct-23,19490.95,19613.75,19449.35,19562.3,411166790,29316.51
20-Oct-23,19488.25,19533.35,19450.3,19468.4,436682267,24630.9
23-Oct-23,19451.4,19482.7,19162.2,19189.1,443587211,22989.6
25-Oct-23,19196.75,19264.9,18977.15,19034.4,454670976,26532.76
26-Oct-23,18941.4,18954.55,18743.3,18780.6,665811140,37322.47
27-Oct-23,18859,19024.75,18856.9,18996.1,471501333,27819.66
30-Oct-23,19007.6,19096.5,18882.4,19080.85,376760268,23155.42
31-Oct-23,19174.6,19175.2,19012.35,19035.35,451053759,27213.13
01-Nov-23,19028.85,19061.95,18926.05,18942.3,449849941,25426.29
02-Nov-23,19074.55,19128.15,19028.15,19107.25,503435774,25846.56
03-Nov-23,19215.9,19256.45,19200.3,19222.1,606967225,26005.12
06-Nov-23,19333.2,19410.7,19300.35,19399.1,570290716,25071.73
07-Nov-23,19398.25,19433.9,19331.55,19416.8,583344413,27987.31
08-Nov-23,19466.9,19485.25,19426.45,19470.1,475889646,24870.58
09-Nov-23,19489.15,19494.45,19398.6,19413.8,420617003,25714.11
10-Nov-23,19371.55,19468.75,19344.9,19444.8,350513268,20014.37
12-Nov-23,19571.2,19571.2,19528.55,19544.45,78027613,3575.48
13-Nov-23,19508.6,19515.2,19436.6,19475.7,404054582,18883.68
15-Nov-23,19675.5,19714.9,19611.05,19698.4,570431298,32926.28
16-Nov-23,19701.65,19884.3,19652.6,19785.85,500734356,32671.11
17-Nov-23,19704.6,19835.75,19696.1,19773.45,511307933,30228.56
20-Nov-23,19779.55,19795.1,19715.15,19730.7,359339215,22463.34
21-Nov-23,19807.5,19851.8,19788.05,19806.4,375930331,23874.5
22-Nov-23,19810.3,19849.05,19716.95,19818.9,374382016,22744.61
23-Nov-23,19839.7,19883.45,19802.25,19819.4,333405400,21040.05
24-Nov-23,19831.8,19854.7,19792.75,19812.1,343963032,21230.13
28-Nov-23,19867.75,19964.95,19832.5,19938.4,594376988,35369.56
29-Nov-23,20037.25,20144.6,20021.3,20136.2,634530023,35402.47
30-Nov-23,20152.85,20226.4,20063.4,20201,1178702032,70673.39
01-Dec-23,20274.6,20365.45,20263.1,20339.45,657645334,33247.19
04-Dec-23,20687.35,20773.7,20586.75,20757.95,901151552,48753.7
05-Dec-23,20870.4,20957.65,20783.6,20949.25,901403385,61094.16
06-Dec-23,21055.1,21093,20978.1,21074.15,840234503,58781.31
07-Dec-23,21086.25,21102.8,21014.2,21076.35,782044411,44973.58
08-Dec-23,21125.2,21172.35,20981.7,21107.2,694035679,43143.59
11-Dec-23,21114.75,21181.1,21089.3,21161.7,533166176,32731.9
12-Dec-23,21191.9,21203.7,21009.9,21058.25,514383730,36613.2
13-Dec-23,21088.35,21122.15,20930.25,21099.6,582960588,39020.29
14-Dec-23,21279.4,21392.75,21252.7,21364.3,688012300,45780.38
15-Dec-23,21471.2,21624.75,21411.35,21595.5,870774338,63115.26
18-Dec-23,21585.2,21644,21510.15,21585.25,588118082,37577.96
19-Dec-23,21647.45,21672.55,21494.4,21622.95,559550564,36541.36
20-Dec-23,21728.65,21775.75,21206.35,21267.35,759546755,46703.73
21-Dec-23,21135.3,21435,21073.9,21402.15,604176351,38559.44
22-Dec-23,21461.25,21544.2,21382.2,21508.85,619500885,39309.67
26-Dec-23,21539.4,21647.05,21504.6,21617.05,501502938,29199.8
27-Dec-23,21683.9,21834.7,21678.4,21815.45,521903610,32669
28-Dec-23,21879.85,21951.9,21836.95,21931.75,911293585,48837.59
29-Dec-23,21903.45,21944.45,21847.5,21918.8,643426631,34406.81
01-Jan-24,21928.7,22026.2,21877.3,21934.7,444471950,22539.56
02-Jan-24,21955.8,21959.55,21727.35,21865.25,576351025,35151.32
03-Jan-24,21877.6,21890.65,21752.55,21771.4,696284491,48913.23
04-Jan-24,21865.4,21961.4,21830.9,21934.4,639761478,42733.46
05-Jan-24,21988.5,22027,21882.25,21974.6,649620626,40077.4
08-Jan-24,22016.7,22024.15,21750.25,21770.75,518386922,31602.65
09-Jan-24,21915.65,21986.6,21788.7,21815.15,478429268,34214.29
10-Jan-24,21806.1,21907.5,21704.5,21885.8,488569432,30964.29
11-Jan-24,21963.75,22004.1,21886.65,21942.15,507324802,33915.9
12-Jan-24,22065.1,22192.75,22003.15,22159.25,606464900,40156.87
15-Jan-24,22313,22355.45,22202.7,22338.75,631132461,39473.83
16-Jan-24,22329.8,22367.3,22204.55,22274.6,631405554,36407.83
17-Jan-24,21925.6,22110.55,21819.9,21839.95,868166558,60563.45
18-Jan-24,21698.3,21799.3,21509.1,21730.1,770175367,52072.16
19-Jan-24,21882.8,21942.85,21849.65,21916,697367156,45568.4
20-Jan-24,22003.95,22019.6,21854.55,21880.5,376849998,21967.95
23-Jan-24,22037.65,22054.85,21464.75,21506.8,906351416,65262.77
24-Jan-24,21469.95,21771.75,21391.8,21746,781366883,56469.56
25-Jan-24,21763.65,21763.65,21541.85,21666.5,818690768,52062.69
29-Jan-24,21752.1,22066.75,21744.2,22041.6,831965951,50274.21
30-Jan-24,22088.6,22120.35,21826.05,21846.2,774431678,47586.73
31-Jan-24,21823.15,22067.15,21783.4,22051.55,882864530,58089.36
01-Feb-24,22123.45,22169.85,21985.7,22039.6,815361681,51181.67
02-Feb-24,22158.7,22444.75,22155,22199,983736401,53357.03
05-Feb-24,22284.15,22329.7,22064.15,22113.4,915604325,50541.12
06-Feb-24,22177.05,22315.15,22074.35,22299.3,726098344,45410.47
07-Feb-24,22428.65,22437.65,22261.95,22363.7,810238836,48842.35
08-Feb-24,22456.4,22459.95,22150.8,22202.75,1062401360,62565.53
09-Feb-24,22223.15,22274.6,22044.45,22247.55,1012378162,52261.82
12-Feb-24,22273.5,22301.9,22001.7,22042.1,768619385,39678.1
13-Feb-24,22090.5,22196.85,21934.8,22181.6,724938020,42972.65
14-Feb-24,22014.15,22336.85,21972.3,22313.4,678684857,44817.42
15-Feb-24,22398.4,22447.55,22301.65,22405.55,889778899,47140.15
16-Feb-24,22516.9,22570.2,22469.7,22540.9,742965569,44546.45
19-Feb-24,22611.65,22686.05,22527.75,22618.25,500539701,31953.93
20-Feb-24,22604.75,22704.35,22545.85,22685.65,566919896,36714.59
21-Feb-24,22743.65,22757.25,22488.5,22547.6,693055476,43942.49
22-Feb-24,22587.15,22759.05,22389.85,22725.4,625405833,45903.6
23-Feb-24,22798.65,22804.8,22704.9,22734.3,566449439,38191.05
26-Feb-24,22698.7,22743.4,22617.3,22667.75,476755445,33294.89
27-Feb-24,22643.65,22753,22641,22722.3,503630614,37422.68
28-Feb-24,22746.4,22764.55,22421.45,22457.65,536755495,34698.29
29-Feb-24,22441.95,22609.35,22358.2,22526.3,1154430188,63372.34
01-Mar-24,22605.7,22874.45,22604.65,22862.05,618456858,40130.98
02-Mar-24,22935.15,22951.95,22903.7,22915.7,61641443,2923.98
04-Mar-24,22947.75,22985.95,22889.35,22944.8,630436330,35351.28
05-Mar-24,22927.75,22956.95,22824.85,22900.65,631442047,42485.28
06-Mar-24,22878.55,23011.55,22724.1,22988.35,1169262403,51270.51
07-Mar-24,23024.05,23070.65,22970.85,23036.05,721037787,48596.42
11-Mar-24,23066.95,23073.55,22867.45,22895.45,611047204,45768.8
12-Mar-24,22901.8,22990.05,22784.9,22840.9,568509930,41709.19
13-Mar-24,22928.15,22944.05,22294.45,22399,902967552,57027.15
14-Mar-24,22371.35,22664.2,22296.65,22623.7,754655931,51037.92
15-Mar-24,22548.55,22613.9,22367.65,22494.7,1216448811,78538.63
18-Mar-24,22462.3,22607.5,22393.7,22541.15,600701512,33944.05
19-Mar-24,22449.2,22471.9,22254.55,22274.65,595006127,41417.88
20-Mar-24,22310.3,22383.1,22140.2,22307.75,552665344,38744.84
21-Mar-24,22472.6,22583.05,22445.15,22538.9,632169385,42802.09
22-Mar-24,22476.7,22709.35,22414.5,22633.8,630024734,49320.98
26-Mar-24,22494.15,22650.4,22493.7,22601.35,601129755,47157.32
27-Mar-24,22661.7,22793.15,22661.7,22698.5,710924861,56313.41
28-Mar-24,22747.55,23090.2,22747.55,22920.7,736358648,59807.29
01-Apr-24,23065.15,23161.75,23058.65,23107.15,561385098,35075.41
02-Apr-24,23124.3,23162.55,23056.3,23138.55,736195640,44874.62
03-Apr-24,23077.7,23212.55,23038.2,23136.6,757011381,47296.93
04-Apr-24,23304.2,23327.95,23034,23206,824995897,57048.93
05-Apr-24,23185.3,23262.9,23128.9,23240.55,650130039,39521.78
08-Apr-24,23324.9,23422.3,23289.25,23380.3,595270124,36851.44
09-Apr-24,23480.1,23480.4,23304.5,23348.9,580812422,35431.06
10-Apr-24,23431.95,23494.8,23391.8,23474.7,676665891,41711.48
12-Apr-24,23412.85,23466.8,23244.4,23254.9,803522069,54712.36
15-Apr-24,23026.7,23139.3,22908.6,22967.1,852000259,48171.15
16-Apr-24,22834.1,22944.65,22798.2,22870.3,720067372,43853.74
18-Apr-24,22964.05,23080.5,22702.65,22740.2,910216233,62139.57
19-Apr-24,22591.1,22896.5,22469.05,22859.8,732681812,51372.07
22-Apr-24,23067.3,23115.65,22934.35,23078.9,630973040,40578.36
23-Apr-24,23200.45,23200.7,23098.95,23116,540242144,38181.98
24-Apr-24,23177,23230.65,23148.3,23167.8,544822255,35069.52
25-Apr-24,23099.45,23372.9,23092.35,23329.8,798019923,66393.3
26-Apr-24,23389.2,23392.8,23200.7,23232.1,754831285,51540.36
29-Apr-24,23305.7,23457.9,23250.9,23443.8,671797595,46828.4
30-Apr-24,23499.75,23618.7,23402.75,23436.5,948976410,63370.13
02-May-24,23422.9,23593.2,23421.9,23541.3,953765204,66364.04
03-May-24,23668.5,23693.5,23234.75,23382.75,847844269,62829.29
06-May-24,23458.6,23466,23256.4,23297.75,907239379,55773.43
07-May-24,23350.5,23355.8,23020.45,23103.75,802221426,52868.51
08-May-24,23040.8,23236.65,22982.85,23166,737481184,49741.51
09-May-24,23114.6,23190.4,22763.3,22790.2,787651514,56370.85
10-May-24,22844.25,22960.3,22784.65,22909.1,648137850,43806.02
13-May-24,22904.4,22988.35,22630.85,22956.35,733206592,48985.22
14-May-24,22979.4,23162.7,22942.25,23118.2,681745966,43231.6
15-May-24,23177.8,23224.85,23078.05,23133.85,677790092,43913.27
16-May-24,23258.8,23370.85,22997.5,23343.55,845774532,60532.96
17-May-24,23368.35,23466,23307.25,23444.3,770240012,47179.61
18-May-24,23505.25,23519.7,23472.5,23508.6,116951095,5094.28
